{"logTime": "0922/095033", "level": "INFO", "message": "UserPrefStore loaded: error=NO_FILE (6)"}
{"logTime": "0923/070856", "level": "INFO", "message": "UserPrefStore loaded: error=NONE (0)"}
{"logTime": "0923/074049", "level": "INFO", "message": "UserPrefStore loaded: error=NONE (0)"}
{"logTime": "0923/074620", "level": "INFO", "message": "UserPrefStore loaded: error=NONE (0)"}
{"logTime": "0923/075423", "level": "INFO", "message": "UserPrefStore loaded: error=NONE (0)"}
{"logTime": "0923/080936", "level": "INFO", "message": "UserPrefStore loaded: error=NONE (0)"}
{"logTime": "0923/101430", "level": "INFO", "message": "UserPrefStore loaded: error=NONE (0)"}
{"logTime": "0924/002632", "level": "INFO", "message": "UserPrefStore loaded: error=NONE (0)"}
{"logTime": "0924/002744", "level": "INFO", "message": "UserPrefStore loaded: error=NONE (0)"}
{"logTime": "0924/003323", "level": "INFO", "message": "UserPrefStore loaded: error=NONE (0)"}
{"logTime": "0924/003434", "level": "INFO", "message": "UserPrefStore loaded: error=NONE (0)"}
{"logTime": "0924/004702", "level": "INFO", "message": "UserPrefStore loaded: error=NONE (0)"}
{"logTime": "0924/005132", "level": "INFO", "message": "UserPrefStore loaded: error=NONE (0)"}
{"logTime": "0924/065444", "level": "INFO", "message": "UserPrefStore loaded: error=NONE (0)"}
{"logTime": "0924/082103", "level": "INFO", "message": "UserPrefStore loaded: error=NONE (0)"}
{"logTime": "0924/082317", "level": "INFO", "message": "UserPrefStore loaded: error=NONE (0)"}
{"logTime": "0924/082502", "level": "INFO", "message": "UserPrefStore loaded: error=NONE (0)"}
{"logTime": "0924/090949", "level": "INFO", "message": "UserPrefStore loaded: error=NONE (0)"}
{"logTime": "0924/091016", "level": "INFO", "message": "UserPrefStore loaded: error=NONE (0)"}
{"logTime": "0924/100955", "level": "INFO", "message": "UserPrefStore loaded: error=NONE (0)"}
{"logTime": "0924/180620", "level": "INFO", "message": "UserPrefStore loaded: error=NONE (0)"}
{"logTime": "0924/192727", "level": "INFO", "message": "UserPrefStore loaded: error=NONE (0)"}
{"logTime": "0925/053203", "level": "INFO", "message": "UserPrefStore loaded: error=NONE (0)"}
{"logTime": "0926/162958", "level": "INFO", "message": "UserPrefStore loaded: error=NONE (0)"}
{"logTime": "0927/094229", "level": "INFO", "message": "UserPrefStore loaded: error=NONE (0)"}
{"logTime": "0927/194946", "level": "INFO", "message": "UserPrefStore loaded: error=NONE (0)"}
{"logTime": "0927/195737", "level": "INFO", "message": "UserPrefStore loaded: error=NONE (0)"}
{"logTime": "0927/201543", "level": "INFO", "message": "UserPrefStore loaded: error=NONE (0)"}
{"logTime": "0927/201902", "level": "INFO", "message": "UserPrefStore loaded: error=NONE (0)"}
{"logTime": "0927/205701", "level": "INFO", "message": "UserPrefStore loaded: error=NONE (0)"}
{"logTime": "0928/113935", "level": "INFO", "message": "UserPrefStore loaded: error=NONE (0)"}
{"logTime": "0928/114850", "level": "INFO", "message": "UserPrefStore loaded: error=NONE (0)"}
{"logTime": "1002/122534", "level": "INFO", "message": "UserPrefStore loaded: error=NONE (0)"}
{"logTime": "1002/122534", "level": "INFO", "message": "Preference changed: name=extensions.last_chrome_version, new_value=\"154.0.4258.48\", source=unknown"}
{"logTime": "1002/122534", "level": "INFO", "message": "Preference changed: name=gaia_cookie.periodic_report_time_2, new_value=\"13435417534546619\", source=unknown"}
{"logTime": "1002/122534", "level": "INFO", "message": "Preference changed: name=optimization_guide.previously_registered_optimization_types, new_value=[object], source=unknown"}
{"logTime": "1002/122534", "level": "INFO", "message": "Preference changed: name=extensions.chrome_url_overrides, new_value=[object], source=unknown"}
{"logTime": "1002/122534", "level": "INFO", "message": "Preference changed: name=sessions.session_data_status, new_value=1, source=unknown"}
{"logTime": "1002/122534", "level": "INFO", "message": "Preference changed: name=sessions.event_log, new_value=[object], source=unknown"}
{"logTime": "1002/122534", "level": "INFO", "message": "Preference changed: name=optimization_guide.previously_registered_optimization_types, new_value=[object], source=unknown"}
{"logTime": "1002/122534", "level": "INFO", "message": "Preference changed: name=optimization_guide.previously_registered_optimization_types, new_value=[object], source=unknown"}
{"logTime": "1002/122534", "level": "INFO", "message": "Preference changed: name=optimization_guide.previously_registered_optimization_types, new_value=[object], source=unknown"}
{"logTime": "1002/122534", "level": "INFO", "message": "Preference changed: name=optimization_guide.previously_registered_optimization_types, new_value=[object], source=unknown"}
{"logTime": "1002/122534", "level": "INFO", "message": "Preference changed: name=optimization_guide.previously_registered_optimization_types, new_value=[object], source=unknown"}
{"logTime": "1002/122534", "level": "INFO", "message": "Preference changed: name=profile.network_pbs, new_value=[object], source=unknown"}
{"logTime": "1002/122534", "level": "INFO", "message": "Preference changed: name=extensions.settings, new_value=[object], source=unknown"}
{"logTime": "1002/122534", "level": "INFO", "message": "Preference changed: name=extensions.settings, new_value=[object], source=unknown"}
{"logTime": "1002/122534", "level": "INFO", "message": "Preference changed: name=profile.password_hash_data_list, new_value=[object], source=unknown"}
{"logTime": "1002/122534", "level": "INFO", "message": "Preference changed: name=schedule_to_flush_to_disk, new_value=\"13435417534565398\", source=unknown"}
{"logTime": "1002/122534", "level": "INFO", "message": "Preference changed: name=schedule_to_flush_to_disk, new_value=\"13435417534565858\", source=unknown"}
{"logTime": "1002/122534", "level": "INFO", "message": "Preference changed: name=muid.last_sync, new_value=\"13435417534565926\", source=unknown"}
{"logTime": "1002/122534", "level": "INFO", "message": "Preference changed: name=bookmark.storage_computation_last_update, new_value=\"13435417534566094\", source=unknown"}
{"logTime": "1002/122534", "level": "INFO", "message": "Preference changed: name=commerce_daily_metrics_last_update_time, new_value=\"13435417534566768\", source=unknown"}
{"logTime": "1002/122534", "level": "INFO", "message": "Preference changed: name=edge.services.signin_scoped_device_id, new_value=\"5e88e82b-0a19-4725-b35f-080678b4b428\", source=unknown"}
{"logTime": "1002/122534", "level": "INFO", "message": "Preference changed: name=account_tracker_service_last_update, new_value=\"13435417534567132\", source=unknown"}
{"logTime": "1002/122534", "level": "INFO", "message": "Preference changed: name=autofill.last_version_deduped, new_value=154, source=unknown"}
{"logTime": "1002/122534", "level": "INFO", "message": "Preference changed: name=optimization_guide.previously_registered_optimization_types, new_value=[object], source=unknown"}
{"logTime": "1002/122534", "level": "INFO", "message": "Preference changed: name=extensions.chrome_url_overrides, new_value=[object], source=unknown"}
{"logTime": "1002/122534", "level": "INFO", "message": "Preference changed: name=autofill.credit_card_enabled, new_value=false, source=unknown"}
{"logTime": "1002/122534", "level": "INFO", "message": "Preference changed: name=enable_edge_collections, new_value=false, source=unknown"}
{"logTime": "1002/122534", "level": "INFO", "message": "Preference changed: name=resolve_navigation_errors_use_web_service.enabled, new_value=false, source=unknown"}
{"logTime": "1002/122534", "level": "INFO", "message": "Preference changed: name=alternate_error_pages.enabled, new_value=false, source=unknown"}
{"logTime": "1002/122534", "level": "INFO", "message": "Preference changed: name=optimization_guide.previously_registered_optimization_types, new_value=[object], source=unknown"}
{"logTime": "1002/122534", "level": "INFO", "message": "Preference changed: name=in_product_help.session_start_time, new_value=\"13435417534604052\", source=unknown"}
{"logTime": "1002/122534", "level": "INFO", "message": "Preference changed: name=in_product_help.session_number, new_value=12, source=unknown"}
{"logTime": "1002/122534", "level": "INFO", "message": "Preference changed: name=in_product_help.session_last_active_time, new_value=\"13435417534604052\", source=unknown"}
{"logTime": "1002/122534", "level": "INFO", "message": "Preference changed: name=in_product_help.recent_session_start_times, new_value=[object], source=unknown"}
{"logTime": "1002/122534", "level": "INFO", "message": "Preference changed: name=optimization_guide.previously_registered_optimization_types, new_value=[object], source=unknown"}
{"logTime": "1002/122534", "level": "INFO", "message": "Preference changed: name=profile.content_settings.exceptions.storage_access_header_origin_trial, new_value=[object], source=unknown"}
{"logTime": "1002/122534", "level": "INFO", "message": "Preference changed: name=autocomplete.retention_policy_last_version, new_value=154, source=unknown"}
{"logTime": "1002/122534", "level": "INFO", "message": "Preference changed: name=sessions.session_data_status, new_value=2, source=unknown"}
{"logTime": "1002/122534", "level": "INFO", "message": "Preference changed: name=sessions.session_data_status, new_value=3, source=unknown"}
{"logTime": "1002/122534", "level": "INFO", "message": "Preference changed: name=sessions.session_data_status, new_value=1, source=unknown"}
{"logTime": "1002/122534", "level": "INFO", "message": "Preference changed: name=sessions.event_log, new_value=[object], source=unknown"}
{"logTime": "1002/122534", "level": "INFO", "message": "Preference changed: name=edge_rewards.refresh_status_muted_until, new_value=\"13436022334766341\", source=unknown"}
{"logTime": "1002/122534", "level": "INFO", "message": "Preference changed: name=fsd.retention_policy_last_version, new_value=154, source=unknown"}
{"logTime": "1002/122544", "level": "INFO", "message": "PrefStore write completed: store=4, success=true"}
{"logTime": "1002/122544", "level": "INFO", "message": "PrefStore write completed: store=4, success=true"}
{"logTime": "1002/122544", "level": "INFO", "message": "Preference changed: name=edge.bookmarks.last_dup_info_record_time, new_value=\"13435417544572439\", source=unknown"}
{"logTime": "1002/122554", "level": "INFO", "message": "PrefStore write completed: store=4, success=true"}
{"logTime": "1002/122604", "level": "INFO", "message": "Preference changed: name=profile.last_time_password_store_metrics_reported, new_value=1790943964.560684, source=unknown"}
{"logTime": "1002/122604", "level": "INFO", "message": "Preference changed: name=edge_wallet.passwords.password_lost_report_date, new_value=\"13435417564560902\", source=unknown"}
{"logTime": "1002/122614", "level": "INFO", "message": "PrefStore write completed: store=4, success=true"}
{"logTime": "1002/123236", "level": "INFO", "message": "Preference changed: name=sessions.session_data_status, new_value=2, source=unknown"}
{"logTime": "1002/123236", "level": "INFO", "message": "Preference changed: name=sessions.session_data_status, new_value=3, source=unknown"}
{"logTime": "1002/141752", "level": "INFO", "message": "UserPrefStore loaded: error=NONE (0)"}
{"logTime": "1002/141752", "level": "INFO", "message": "Preference changed: name=optimization_guide.previously_registered_optimization_types, new_value=[object], source=unknown"}
{"logTime": "1002/141752", "level": "INFO", "message": "Preference changed: name=extensions.chrome_url_overrides, new_value=[object], source=unknown"}
{"logTime": "1002/141752", "level": "INFO", "message": "Preference changed: name=sessions.session_data_status, new_value=1, source=unknown"}
{"logTime": "1002/141752", "level": "INFO", "message": "Preference changed: name=sessions.event_log, new_value=[object], source=unknown"}
{"logTime": "1002/141752", "level": "INFO", "message": "Preference changed: name=optimization_guide.previously_registered_optimization_types, new_value=[object], source=unknown"}
{"logTime": "1002/141752", "level": "INFO", "message": "Preference changed: name=optimization_guide.previously_registered_optimization_types, new_value=[object], source=unknown"}
{"logTime": "1002/141752", "level": "INFO", "message": "Preference changed: name=optimization_guide.previously_registered_optimization_types, new_value=[object], source=unknown"}
{"logTime": "1002/141752", "level": "INFO", "message": "Preference changed: name=optimization_guide.previously_registered_optimization_types, new_value=[object], source=unknown"}
{"logTime": "1002/141752", "level": "INFO", "message": "Preference changed: name=optimization_guide.previously_registered_optimization_types, new_value=[object], source=unknown"}
{"logTime": "1002/141752", "level": "INFO", "message": "Preference changed: name=profile.network_pbs, new_value=[object], source=unknown"}
{"logTime": "1002/141752", "level": "INFO", "message": "Preference changed: name=profile.password_hash_data_list, new_value=[object], source=unknown"}
{"logTime": "1002/141752", "level": "INFO", "message": "Preference changed: name=schedule_to_flush_to_disk, new_value=\"13435424272494073\", source=unknown"}
{"logTime": "1002/141752", "level": "INFO", "message": "Preference changed: name=schedule_to_flush_to_disk, new_value=\"13435424272494497\", source=unknown"}
{"logTime": "1002/141752", "level": "INFO", "message": "Preference changed: name=edge.services.signin_scoped_device_id, new_value=\"1211f409-a6d3-42a7-9982-26c3b48e2593\", source=unknown"}
{"logTime": "1002/141752", "level": "INFO", "message": "Preference changed: name=optimization_guide.previously_registered_optimization_types, new_value=[object], source=unknown"}
{"logTime": "1002/141752", "level": "INFO", "message": "Preference changed: name=extensions.chrome_url_overrides, new_value=[object], source=unknown"}
{"logTime": "1002/141752", "level": "INFO", "message": "Preference changed: name=autofill.credit_card_enabled, new_value=false, source=unknown"}
{"logTime": "1002/141752", "level": "INFO", "message": "Preference changed: name=enable_edge_collections, new_value=false, source=unknown"}
{"logTime": "1002/141752", "level": "INFO", "message": "Preference changed: name=resolve_navigation_errors_use_web_service.enabled, new_value=false, source=unknown"}
{"logTime": "1002/141752", "level": "INFO", "message": "Preference changed: name=alternate_error_pages.enabled, new_value=false, source=unknown"}
{"logTime": "1002/141752", "level": "INFO", "message": "Preference changed: name=optimization_guide.previously_registered_optimization_types, new_value=[object], source=unknown"}
{"logTime": "1002/141752", "level": "INFO", "message": "Preference changed: name=optimization_guide.previously_registered_optimization_types, new_value=[object], source=unknown"}
{"logTime": "1002/141752", "level": "INFO", "message": "Preference changed: name=profile.content_settings.exceptions.storage_access_header_origin_trial, new_value=[object], source=unknown"}
{"logTime": "1002/141752", "level": "INFO", "message": "Preference changed: name=in_product_help.session_last_active_time, new_value=\"13435424272521074\", source=unknown"}
{"logTime": "1002/141752", "level": "INFO", "message": "Preference changed: name=edge_rewards.coachmark_promotions, new_value=[object], source=unknown"}
{"logTime": "1002/141752", "level": "INFO", "message": "Preference changed: name=edge_rewards.hva_promotions, new_value=[object], source=unknown"}
{"logTime": "1002/141802", "level": "INFO", "message": "PrefStore write completed: store=4, success=true"}
{"logTime": "1002/141802", "level": "INFO", "message": "PrefStore write completed: store=4, success=true"}
{"logTime": "1002/141844", "level": "INFO", "message": "Preference changed: name=sessions.session_data_status, new_value=2, source=unknown"}
{"logTime": "1002/141844", "level": "INFO", "message": "Preference changed: name=sessions.session_data_status, new_value=3, source=unknown"}
{"logTime": "1002/141844", "level": "INFO", "message": "Preference changed: name=sessions.event_log, new_value=[object], source=unknown"}
{"logTime": "1002/142608", "level": "INFO", "message": "UserPrefStore loaded: error=NONE (0)"}
{"logTime": "1002/142608", "level": "INFO", "message": "Preference changed: name=optimization_guide.previously_registered_optimization_types, new_value=[object], source=unknown"}
{"logTime": "1002/142608", "level": "INFO", "message": "Preference changed: name=extensions.chrome_url_overrides, new_value=[object], source=unknown"}
{"logTime": "1002/142608", "level": "INFO", "message": "Preference changed: name=sessions.session_data_status, new_value=1, source=unknown"}
{"logTime": "1002/142608", "level": "INFO", "message": "Preference changed: name=sessions.event_log, new_value=[object], source=unknown"}
{"logTime": "1002/142608", "level": "INFO", "message": "Preference changed: name=optimization_guide.previously_registered_optimization_types, new_value=[object], source=unknown"}
{"logTime": "1002/142608", "level": "INFO", "message": "Preference changed: name=optimization_guide.previously_registered_optimization_types, new_value=[object], source=unknown"}
{"logTime": "1002/142608", "level": "INFO", "message": "Preference changed: name=optimization_guide.previously_registered_optimization_types, new_value=[object], source=unknown"}
{"logTime": "1002/142608", "level": "INFO", "message": "Preference changed: name=optimization_guide.previously_registered_optimization_types, new_value=[object], source=unknown"}
{"logTime": "1002/142608", "level": "INFO", "message": "Preference changed: name=optimization_guide.previously_registered_optimization_types, new_value=[object], source=unknown"}
{"logTime": "1002/142608", "level": "INFO", "message": "Preference changed: name=profile.network_pbs, new_value=[object], source=unknown"}
{"logTime": "1002/142608", "level": "INFO", "message": "Preference changed: name=profile.password_hash_data_list, new_value=[object], source=unknown"}
{"logTime": "1002/142608", "level": "INFO", "message": "Preference changed: name=schedule_to_flush_to_disk, new_value=\"13435424768277168\", source=unknown"}
{"logTime": "1002/142608", "level": "INFO", "message": "Preference changed: name=schedule_to_flush_to_disk, new_value=\"13435424768277785\", source=unknown"}
{"logTime": "1002/142608", "level": "INFO", "message": "Preference changed: name=edge.services.signin_scoped_device_id, new_value=\"df241fb3-87f5-4e89-bd10-f4b46bb01e8a\", source=unknown"}
{"logTime": "1002/142608", "level": "INFO", "message": "Preference changed: name=optimization_guide.previously_registered_optimization_types, new_value=[object], source=unknown"}
{"logTime": "1002/142608", "level": "INFO", "message": "Preference changed: name=extensions.chrome_url_overrides, new_value=[object], source=unknown"}
{"logTime": "1002/142608", "level": "INFO", "message": "Preference changed: name=autofill.credit_card_enabled, new_value=false, source=unknown"}
{"logTime": "1002/142608", "level": "INFO", "message": "Preference changed: name=enable_edge_collections, new_value=false, source=unknown"}
{"logTime": "1002/142608", "level": "INFO", "message": "Preference changed: name=resolve_navigation_errors_use_web_service.enabled, new_value=false, source=unknown"}
{"logTime": "1002/142608", "level": "INFO", "message": "Preference changed: name=alternate_error_pages.enabled, new_value=false, source=unknown"}
{"logTime": "1002/142608", "level": "INFO", "message": "Preference changed: name=optimization_guide.previously_registered_optimization_types, new_value=[object], source=unknown"}
{"logTime": "1002/142608", "level": "INFO", "message": "Preference changed: name=optimization_guide.previously_registered_optimization_types, new_value=[object], source=unknown"}
{"logTime": "1002/142608", "level": "INFO", "message": "Preference changed: name=profile.content_settings.exceptions.storage_access_header_origin_trial, new_value=[object], source=unknown"}
{"logTime": "1002/142608", "level": "INFO", "message": "Preference changed: name=in_product_help.session_last_active_time, new_value=\"13435424768300224\", source=unknown"}
{"logTime": "1002/142608", "level": "INFO", "message": "Preference changed: name=edge_rewards.coachmark_promotions, new_value=[object], source=unknown"}
{"logTime": "1002/142608", "level": "INFO", "message": "Preference changed: name=edge_rewards.hva_promotions, new_value=[object], source=unknown"}
{"logTime": "1002/142618", "level": "INFO", "message": "PrefStore write completed: store=4, success=true"}
{"logTime": "1002/142618", "level": "INFO", "message": "PrefStore write completed: store=4, success=true"}
{"logTime": "1002/142637", "level": "INFO", "message": "Preference changed: name=sessions.session_data_status, new_value=2, source=unknown"}
{"logTime": "1002/142637", "level": "INFO", "message": "Preference changed: name=sessions.session_data_status, new_value=3, source=unknown"}
{"logTime": "1002/142637", "level": "INFO", "message": "Preference changed: name=sessions.event_log, new_value=[object], source=unknown"}
{"logTime": "1002/143958", "level": "INFO", "message": "UserPrefStore loaded: error=NONE (0)"}
{"logTime": "1002/143958", "level": "INFO", "message": "Preference changed: name=optimization_guide.previously_registered_optimization_types, new_value=[object], source=unknown"}
{"logTime": "1002/143958", "level": "INFO", "message": "Preference changed: name=extensions.chrome_url_overrides, new_value=[object], source=unknown"}
{"logTime": "1002/143958", "level": "INFO", "message": "Preference changed: name=sessions.session_data_status, new_value=1, source=unknown"}
{"logTime": "1002/143958", "level": "INFO", "message": "Preference changed: name=sessions.event_log, new_value=[object], source=unknown"}
{"logTime": "1002/143958", "level": "INFO", "message": "Preference changed: name=optimization_guide.previously_registered_optimization_types, new_value=[object], source=unknown"}
{"logTime": "1002/143958", "level": "INFO", "message": "Preference changed: name=optimization_guide.previously_registered_optimization_types, new_value=[object], source=unknown"}
{"logTime": "1002/143958", "level": "INFO", "message": "Preference changed: name=optimization_guide.previously_registered_optimization_types, new_value=[object], source=unknown"}
{"logTime": "1002/143958", "level": "INFO", "message": "Preference changed: name=optimization_guide.previously_registered_optimization_types, new_value=[object], source=unknown"}
{"logTime": "1002/143958", "level": "INFO", "message": "Preference changed: name=optimization_guide.previously_registered_optimization_types, new_value=[object], source=unknown"}
{"logTime": "1002/143958", "level": "INFO", "message": "Preference changed: name=profile.network_pbs, new_value=[object], source=unknown"}
{"logTime": "1002/143958", "level": "INFO", "message": "Preference changed: name=profile.password_hash_data_list, new_value=[object], source=unknown"}
{"logTime": "1002/143958", "level": "INFO", "message": "Preference changed: name=schedule_to_flush_to_disk, new_value=\"13435425598908213\", source=unknown"}
{"logTime": "1002/143958", "level": "INFO", "message": "Preference changed: name=schedule_to_flush_to_disk, new_value=\"13435425598908816\", source=unknown"}
{"logTime": "1002/143958", "level": "INFO", "message": "Preference changed: name=edge.services.signin_scoped_device_id, new_value=\"c7133f12-d6bf-47f5-8543-8993bad2745e\", source=unknown"}
{"logTime": "1002/143958", "level": "INFO", "message": "Preference changed: name=optimization_guide.previously_registered_optimization_types, new_value=[object], source=unknown"}
{"logTime": "1002/143958", "level": "INFO", "message": "Preference changed: name=extensions.chrome_url_overrides, new_value=[object], source=unknown"}
{"logTime": "1002/143958", "level": "INFO", "message": "Preference changed: name=autofill.credit_card_enabled, new_value=false, source=unknown"}
{"logTime": "1002/143958", "level": "INFO", "message": "Preference changed: name=enable_edge_collections, new_value=false, source=unknown"}
{"logTime": "1002/143958", "level": "INFO", "message": "Preference changed: name=resolve_navigation_errors_use_web_service.enabled, new_value=false, source=unknown"}
{"logTime": "1002/143958", "level": "INFO", "message": "Preference changed: name=alternate_error_pages.enabled, new_value=false, source=unknown"}
{"logTime": "1002/143958", "level": "INFO", "message": "Preference changed: name=optimization_guide.previously_registered_optimization_types, new_value=[object], source=unknown"}
{"logTime": "1002/143958", "level": "INFO", "message": "Preference changed: name=optimization_guide.previously_registered_optimization_types, new_value=[object], source=unknown"}
{"logTime": "1002/143958", "level": "INFO", "message": "Preference changed: name=profile.content_settings.exceptions.storage_access_header_origin_trial, new_value=[object], source=unknown"}
{"logTime": "1002/143958", "level": "INFO", "message": "Preference changed: name=in_product_help.session_last_active_time, new_value=\"13435425598931853\", source=unknown"}
{"logTime": "1002/143959", "level": "INFO", "message": "Preference changed: name=edge_rewards.coachmark_promotions, new_value=[object], source=unknown"}
{"logTime": "1002/143959", "level": "INFO", "message": "Preference changed: name=edge_rewards.hva_promotions, new_value=[object], source=unknown"}
{"logTime": "1002/144008", "level": "INFO", "message": "PrefStore write completed: store=4, success=true"}
{"logTime": "1002/144008", "level": "INFO", "message": "PrefStore write completed: store=4, success=true"}
{"logTime": "1002/145020", "level": "INFO", "message": "Preference changed: name=sessions.event_log, new_value=[object], source=unknown"}
{"logTime": "1002/145020", "level": "INFO", "message": "Preference changed: name=sessions.session_data_status, new_value=2, source=unknown"}
{"logTime": "1002/145020", "level": "INFO", "message": "Preference changed: name=sessions.session_data_status, new_value=3, source=unknown"}
{"logTime": "1003/054132", "level": "INFO", "message": "UserPrefStore loaded: error=NONE (0)"}
{"logTime": "1003/054132", "level": "INFO", "message": "Preference changed: name=optimization_guide.previously_registered_optimization_types, new_value=[object], source=unknown"}
{"logTime": "1003/054132", "level": "INFO", "message": "Preference changed: name=extensions.chrome_url_overrides, new_value=[object], source=unknown"}
{"logTime": "1003/054132", "level": "INFO", "message": "Preference changed: name=sessions.session_data_status, new_value=1, source=unknown"}
{"logTime": "1003/054132", "level": "INFO", "message": "Preference changed: name=sessions.event_log, new_value=[object], source=unknown"}
{"logTime": "1003/054132", "level": "INFO", "message": "Preference changed: name=optimization_guide.previously_registered_optimization_types, new_value=[object], source=unknown"}
{"logTime": "1003/054132", "level": "INFO", "message": "Preference changed: name=optimization_guide.previously_registered_optimization_types, new_value=[object], source=unknown"}
{"logTime": "1003/054132", "level": "INFO", "message": "Preference changed: name=optimization_guide.previously_registered_optimization_types, new_value=[object], source=unknown"}
{"logTime": "1003/054132", "level": "INFO", "message": "Preference changed: name=optimization_guide.previously_registered_optimization_types, new_value=[object], source=unknown"}
{"logTime": "1003/054132", "level": "INFO", "message": "Preference changed: name=optimization_guide.previously_registered_optimization_types, new_value=[object], source=unknown"}
{"logTime": "1003/054132", "level": "INFO", "message": "Preference changed: name=profile.network_pbs, new_value=[object], source=unknown"}
{"logTime": "1003/054132", "level": "INFO", "message": "Preference changed: name=profile.password_hash_data_list, new_value=[object], source=unknown"}
{"logTime": "1003/054132", "level": "INFO", "message": "Preference changed: name=schedule_to_flush_to_disk, new_value=\"13435479692541804\", source=unknown"}
{"logTime": "1003/054132", "level": "INFO", "message": "Preference changed: name=schedule_to_flush_to_disk, new_value=\"13435479692542460\", source=unknown"}
{"logTime": "1003/054132", "level": "INFO", "message": "Preference changed: name=edge.services.signin_scoped_device_id, new_value=\"2144de98-de19-427c-9468-1ee064c8138e\", source=unknown"}
{"logTime": "1003/054132", "level": "INFO", "message": "Preference changed: name=optimization_guide.previously_registered_optimization_types, new_value=[object], source=unknown"}
{"logTime": "1003/054132", "level": "INFO", "message": "Preference changed: name=extensions.chrome_url_overrides, new_value=[object], source=unknown"}
{"logTime": "1003/054132", "level": "INFO", "message": "Preference changed: name=autofill.credit_card_enabled, new_value=false, source=unknown"}
{"logTime": "1003/054132", "level": "INFO", "message": "Preference changed: name=enable_edge_collections, new_value=false, source=unknown"}
{"logTime": "1003/054132", "level": "INFO", "message": "Preference changed: name=resolve_navigation_errors_use_web_service.enabled, new_value=false, source=unknown"}
{"logTime": "1003/054132", "level": "INFO", "message": "Preference changed: name=alternate_error_pages.enabled, new_value=false, source=unknown"}
{"logTime": "1003/054132", "level": "INFO", "message": "Preference changed: name=optimization_guide.previously_registered_optimization_types, new_value=[object], source=unknown"}
{"logTime": "1003/054132", "level": "INFO", "message": "Preference changed: name=optimization_guide.previously_registered_optimization_types, new_value=[object], source=unknown"}
{"logTime": "1003/054132", "level": "INFO", "message": "Preference changed: name=profile.content_settings.exceptions.storage_access_header_origin_trial, new_value=[object], source=unknown"}
{"logTime": "1003/054132", "level": "INFO", "message": "Preference changed: name=in_product_help.session_start_time, new_value=\"13435479692567342\", source=unknown"}
{"logTime": "1003/054132", "level": "INFO", "message": "Preference changed: name=in_product_help.session_number, new_value=13, source=unknown"}
{"logTime": "1003/054132", "level": "INFO", "message": "Preference changed: name=in_product_help.session_last_active_time, new_value=\"13435479692567342\", source=unknown"}
{"logTime": "1003/054132", "level": "INFO", "message": "Preference changed: name=in_product_help.recent_session_start_times, new_value=[object], source=unknown"}
{"logTime": "1003/054132", "level": "INFO", "message": "Preference changed: name=edge_rewards.coachmark_promotions, new_value=[object], source=unknown"}
{"logTime": "1003/054132", "level": "INFO", "message": "Preference changed: name=edge_rewards.hva_promotions, new_value=[object], source=unknown"}
{"logTime": "1003/054142", "level": "INFO", "message": "PrefStore write completed: store=4, success=true"}
{"logTime": "1003/054142", "level": "INFO", "message": "PrefStore write completed: store=4, success=true"}
{"logTime": "1003/054838", "level": "INFO", "message": "Preference changed: name=sessions.event_log, new_value=[object], source=unknown"}
{"logTime": "1003/054848", "level": "INFO", "message": "PrefStore write completed: store=4, success=true"}
{"logTime": "1003/064622", "level": "INFO", "message": "UserPrefStore loaded: error=NONE (0)"}
{"logTime": "1003/064622", "level": "INFO", "message": "Preference changed: name=optimization_guide.previously_registered_optimization_types, new_value=[object], source=unknown"}
{"logTime": "1003/064622", "level": "INFO", "message": "Preference changed: name=extensions.chrome_url_overrides, new_value=[object], source=unknown"}
{"logTime": "1003/064622", "level": "INFO", "message": "Preference changed: name=sessions.session_data_status, new_value=1, source=unknown"}
{"logTime": "1003/064622", "level": "INFO", "message": "Preference changed: name=sessions.event_log, new_value=[object], source=unknown"}
{"logTime": "1003/064622", "level": "INFO", "message": "Preference changed: name=optimization_guide.previously_registered_optimization_types, new_value=[object], source=unknown"}
{"logTime": "1003/064622", "level": "INFO", "message": "Preference changed: name=optimization_guide.previously_registered_optimization_types, new_value=[object], source=unknown"}
{"logTime": "1003/064622", "level": "INFO", "message": "Preference changed: name=optimization_guide.previously_registered_optimization_types, new_value=[object], source=unknown"}
{"logTime": "1003/064622", "level": "INFO", "message": "Preference changed: name=optimization_guide.previously_registered_optimization_types, new_value=[object], source=unknown"}
{"logTime": "1003/064622", "level": "INFO", "message": "Preference changed: name=optimization_guide.previously_registered_optimization_types, new_value=[object], source=unknown"}
{"logTime": "1003/064622", "level": "INFO", "message": "Preference changed: name=profile.network_pbs, new_value=[object], source=unknown"}
{"logTime": "1003/064622", "level": "INFO", "message": "Preference changed: name=profile.password_hash_data_list, new_value=[object], source=unknown"}
{"logTime": "1003/064622", "level": "INFO", "message": "Preference changed: name=schedule_to_flush_to_disk, new_value=\"13435483582573383\", source=unknown"}
{"logTime": "1003/064622", "level": "INFO", "message": "Preference changed: name=schedule_to_flush_to_disk, new_value=\"13435483582574228\", source=unknown"}
{"logTime": "1003/064622", "level": "INFO", "message": "Preference changed: name=edge.services.signin_scoped_device_id, new_value=\"07056d52-ff0b-4cd6-82f7-7b5c489fba46\", source=unknown"}
{"logTime": "1003/064622", "level": "INFO", "message": "Preference changed: name=optimization_guide.previously_registered_optimization_types, new_value=[object], source=unknown"}
{"logTime": "1003/064622", "level": "INFO", "message": "Preference changed: name=extensions.chrome_url_overrides, new_value=[object], source=unknown"}
{"logTime": "1003/064622", "level": "INFO", "message": "Preference changed: name=autofill.credit_card_enabled, new_value=false, source=unknown"}
{"logTime": "1003/064622", "level": "INFO", "message": "Preference changed: name=enable_edge_collections, new_value=false, source=unknown"}
{"logTime": "1003/064622", "level": "INFO", "message": "Preference changed: name=resolve_navigation_errors_use_web_service.enabled, new_value=false, source=unknown"}
{"logTime": "1003/064622", "level": "INFO", "message": "Preference changed: name=alternate_error_pages.enabled, new_value=false, source=unknown"}
{"logTime": "1003/064622", "level": "INFO", "message": "Preference changed: name=optimization_guide.previously_registered_optimization_types, new_value=[object], source=unknown"}
{"logTime": "1003/064622", "level": "INFO", "message": "Preference changed: name=optimization_guide.previously_registered_optimization_types, new_value=[object], source=unknown"}
{"logTime": "1003/064622", "level": "INFO", "message": "Preference changed: name=profile.content_settings.exceptions.storage_access_header_origin_trial, new_value=[object], source=unknown"}
{"logTime": "1003/064622", "level": "INFO", "message": "Preference changed: name=in_product_help.session_last_active_time, new_value=\"13435483582607965\", source=unknown"}
{"logTime": "1003/064622", "level": "INFO", "message": "Preference changed: name=edge_rewards.coachmark_promotions, new_value=[object], source=unknown"}
{"logTime": "1003/064622", "level": "INFO", "message": "Preference changed: name=edge_rewards.hva_promotions, new_value=[object], source=unknown"}
{"logTime": "1003/064622", "level": "INFO", "message": "Preference changed: name=profile.content_settings.exceptions.trackers_data, new_value=[object], source=unknown"}
{"logTime": "1003/064627", "level": "INFO", "message": "Preference changed: name=sessions.session_data_status, new_value=2, source=unknown"}
{"logTime": "1003/064627", "level": "INFO", "message": "Preference changed: name=sessions.session_data_status, new_value=3, source=unknown"}
{"logTime": "1003/064627", "level": "INFO", "message": "Preference changed: name=sessions.event_log, new_value=[object], source=unknown"}
{"logTime": "1003/064730", "level": "INFO", "message": "UserPrefStore loaded: error=NONE (0)"}
{"logTime": "1003/064730", "level": "INFO", "message": "Preference changed: name=optimization_guide.previously_registered_optimization_types, new_value=[object], source=unknown"}
{"logTime": "1003/064730", "level": "INFO", "message": "Preference changed: name=extensions.chrome_url_overrides, new_value=[object], source=unknown"}
{"logTime": "1003/064730", "level": "INFO", "message": "Preference changed: name=sessions.session_data_status, new_value=1, source=unknown"}
{"logTime": "1003/064730", "level": "INFO", "message": "Preference changed: name=sessions.event_log, new_value=[object], source=unknown"}
{"logTime": "1003/064730", "level": "INFO", "message": "Preference changed: name=optimization_guide.previously_registered_optimization_types, new_value=[object], source=unknown"}
{"logTime": "1003/064730", "level": "INFO", "message": "Preference changed: name=optimization_guide.previously_registered_optimization_types, new_value=[object], source=unknown"}
{"logTime": "1003/064730", "level": "INFO", "message": "Preference changed: name=optimization_guide.previously_registered_optimization_types, new_value=[object], source=unknown"}
{"logTime": "1003/064730", "level": "INFO", "message": "Preference changed: name=optimization_guide.previously_registered_optimization_types, new_value=[object], source=unknown"}
{"logTime": "1003/064730", "level": "INFO", "message": "Preference changed: name=optimization_guide.previously_registered_optimization_types, new_value=[object], source=unknown"}
{"logTime": "1003/064730", "level": "INFO", "message": "Preference changed: name=profile.network_pbs, new_value=[object], source=unknown"}
{"logTime": "1003/064730", "level": "INFO", "message": "Preference changed: name=profile.password_hash_data_list, new_value=[object], source=unknown"}
{"logTime": "1003/064730", "level": "INFO", "message": "Preference changed: name=schedule_to_flush_to_disk, new_value=\"13435483650244895\", source=unknown"}
{"logTime": "1003/064730", "level": "INFO", "message": "Preference changed: name=schedule_to_flush_to_disk, new_value=\"13435483650245779\", source=unknown"}
{"logTime": "1003/064730", "level": "INFO", "message": "Preference changed: name=edge.services.signin_scoped_device_id, new_value=\"109cab2b-9bde-4778-af9e-07b140a1c38d\", source=unknown"}
{"logTime": "1003/064730", "level": "INFO", "message": "Preference changed: name=optimization_guide.previously_registered_optimization_types, new_value=[object], source=unknown"}
{"logTime": "1003/064730", "level": "INFO", "message": "Preference changed: name=extensions.chrome_url_overrides, new_value=[object], source=unknown"}
{"logTime": "1003/064730", "level": "INFO", "message": "Preference changed: name=autofill.credit_card_enabled, new_value=false, source=unknown"}
{"logTime": "1003/064730", "level": "INFO", "message": "Preference changed: name=enable_edge_collections, new_value=false, source=unknown"}
{"logTime": "1003/064730", "level": "INFO", "message": "Preference changed: name=resolve_navigation_errors_use_web_service.enabled, new_value=false, source=unknown"}
{"logTime": "1003/064730", "level": "INFO", "message": "Preference changed: name=alternate_error_pages.enabled, new_value=false, source=unknown"}
{"logTime": "1003/064730", "level": "INFO", "message": "Preference changed: name=optimization_guide.previously_registered_optimization_types, new_value=[object], source=unknown"}
{"logTime": "1003/064730", "level": "INFO", "message": "Preference changed: name=optimization_guide.previously_registered_optimization_types, new_value=[object], source=unknown"}
{"logTime": "1003/064730", "level": "INFO", "message": "Preference changed: name=profile.content_settings.exceptions.storage_access_header_origin_trial, new_value=[object], source=unknown"}
{"logTime": "1003/064730", "level": "INFO", "message": "Preference changed: name=in_product_help.session_last_active_time, new_value=\"13435483650279235\", source=unknown"}
{"logTime": "1003/064730", "level": "INFO", "message": "Preference changed: name=edge_rewards.coachmark_promotions, new_value=[object], source=unknown"}
{"logTime": "1003/064730", "level": "INFO", "message": "Preference changed: name=edge_rewards.hva_promotions, new_value=[object], source=unknown"}
{"logTime": "1003/064730", "level": "INFO", "message": "Preference changed: name=language_model_counters, new_value=[object], source=unknown"}
{"logTime": "1003/064738", "level": "INFO", "message": "Preference changed: name=sessions.session_data_status, new_value=2, source=unknown"}
{"logTime": "1003/064738", "level": "INFO", "message": "Preference changed: name=sessions.session_data_status, new_value=3, source=unknown"}
{"logTime": "1003/064738", "level": "INFO", "message": "Preference changed: name=sessions.event_log, new_value=[object], source=unknown"}
{"logTime": "1003/064759", "level": "INFO", "message": "UserPrefStore loaded: error=NONE (0)"}
{"logTime": "1003/064759", "level": "INFO", "message": "Preference changed: name=optimization_guide.previously_registered_optimization_types, new_value=[object], source=unknown"}
{"logTime": "1003/064759", "level": "INFO", "message": "Preference changed: name=extensions.chrome_url_overrides, new_value=[object], source=unknown"}
{"logTime": "1003/064759", "level": "INFO", "message": "Preference changed: name=sessions.session_data_status, new_value=1, source=unknown"}
{"logTime": "1003/064759", "level": "INFO", "message": "Preference changed: name=sessions.event_log, new_value=[object], source=unknown"}
{"logTime": "1003/064759", "level": "INFO", "message": "Preference changed: name=optimization_guide.previously_registered_optimization_types, new_value=[object], source=unknown"}
{"logTime": "1003/064759", "level": "INFO", "message": "Preference changed: name=optimization_guide.previously_registered_optimization_types, new_value=[object], source=unknown"}
{"logTime": "1003/064759", "level": "INFO", "message": "Preference changed: name=optimization_guide.previously_registered_optimization_types, new_value=[object], source=unknown"}
{"logTime": "1003/064759", "level": "INFO", "message": "Preference changed: name=optimization_guide.previously_registered_optimization_types, new_value=[object], source=unknown"}
{"logTime": "1003/064759", "level": "INFO", "message": "Preference changed: name=optimization_guide.previously_registered_optimization_types, new_value=[object], source=unknown"}
{"logTime": "1003/064759", "level": "INFO", "message": "Preference changed: name=profile.network_pbs, new_value=[object], source=unknown"}
{"logTime": "1003/064759", "level": "INFO", "message": "Preference changed: name=profile.password_hash_data_list, new_value=[object], source=unknown"}
{"logTime": "1003/064759", "level": "INFO", "message": "Preference changed: name=schedule_to_flush_to_disk, new_value=\"13435483679228727\", source=unknown"}
{"logTime": "1003/064759", "level": "INFO", "message": "Preference changed: name=schedule_to_flush_to_disk, new_value=\"13435483679229290\", source=unknown"}
{"logTime": "1003/064759", "level": "INFO", "message": "Preference changed: name=edge.services.signin_scoped_device_id, new_value=\"60e00d6f-42c0-48fa-aca0-a261bb8bf823\", source=unknown"}
{"logTime": "1003/064759", "level": "INFO", "message": "Preference changed: name=optimization_guide.previously_registered_optimization_types, new_value=[object], source=unknown"}
{"logTime": "1003/064759", "level": "INFO", "message": "Preference changed: name=extensions.chrome_url_overrides, new_value=[object], source=unknown"}
{"logTime": "1003/064759", "level": "INFO", "message": "Preference changed: name=autofill.credit_card_enabled, new_value=false, source=unknown"}
{"logTime": "1003/064759", "level": "INFO", "message": "Preference changed: name=enable_edge_collections, new_value=false, source=unknown"}
{"logTime": "1003/064759", "level": "INFO", "message": "Preference changed: name=resolve_navigation_errors_use_web_service.enabled, new_value=false, source=unknown"}
{"logTime": "1003/064759", "level": "INFO", "message": "Preference changed: name=alternate_error_pages.enabled, new_value=false, source=unknown"}
{"logTime": "1003/064759", "level": "INFO", "message": "Preference changed: name=optimization_guide.previously_registered_optimization_types, new_value=[object], source=unknown"}
{"logTime": "1003/064759", "level": "INFO", "message": "Preference changed: name=optimization_guide.previously_registered_optimization_types, new_value=[object], source=unknown"}
{"logTime": "1003/064759", "level": "INFO", "message": "Preference changed: name=profile.content_settings.exceptions.storage_access_header_origin_trial, new_value=[object], source=unknown"}
{"logTime": "1003/064759", "level": "INFO", "message": "Preference changed: name=in_product_help.session_last_active_time, new_value=\"13435483679260060\", source=unknown"}
{"logTime": "1003/064759", "level": "INFO", "message": "Preference changed: name=edge_rewards.coachmark_promotions, new_value=[object], source=unknown"}
{"logTime": "1003/064759", "level": "INFO", "message": "Preference changed: name=edge_rewards.hva_promotions, new_value=[object], source=unknown"}
{"logTime": "1003/064809", "level": "INFO", "message": "PrefStore write completed: store=4, success=true"}
{"logTime": "1003/064809", "level": "INFO", "message": "PrefStore write completed: store=4, success=true"}
{"logTime": "1003/064819", "level": "INFO", "message": "Preference changed: name=sessions.session_data_status, new_value=2, source=unknown"}
{"logTime": "1003/064819", "level": "INFO", "message": "Preference changed: name=sessions.session_data_status, new_value=3, source=unknown"}
{"logTime": "1003/064819", "level": "INFO", "message": "Preference changed: name=sessions.event_log, new_value=[object], source=unknown"}
{"logTime": "1003/065032", "level": "INFO", "message": "UserPrefStore loaded: error=NONE (0)"}
{"logTime": "1003/065032", "level": "INFO", "message": "Preference changed: name=optimization_guide.previously_registered_optimization_types, new_value=[object], source=unknown"}
{"logTime": "1003/065032", "level": "INFO", "message": "Preference changed: name=extensions.chrome_url_overrides, new_value=[object], source=unknown"}
{"logTime": "1003/065032", "level": "INFO", "message": "Preference changed: name=sessions.session_data_status, new_value=1, source=unknown"}
{"logTime": "1003/065032", "level": "INFO", "message": "Preference changed: name=sessions.event_log, new_value=[object], source=unknown"}
{"logTime": "1003/065032", "level": "INFO", "message": "Preference changed: name=optimization_guide.previously_registered_optimization_types, new_value=[object], source=unknown"}
{"logTime": "1003/065032", "level": "INFO", "message": "Preference changed: name=optimization_guide.previously_registered_optimization_types, new_value=[object], source=unknown"}
{"logTime": "1003/065032", "level": "INFO", "message": "Preference changed: name=optimization_guide.previously_registered_optimization_types, new_value=[object], source=unknown"}
{"logTime": "1003/065032", "level": "INFO", "message": "Preference changed: name=optimization_guide.previously_registered_optimization_types, new_value=[object], source=unknown"}
{"logTime": "1003/065032", "level": "INFO", "message": "Preference changed: name=optimization_guide.previously_registered_optimization_types, new_value=[object], source=unknown"}
{"logTime": "1003/065032", "level": "INFO", "message": "Preference changed: name=profile.network_pbs, new_value=[object], source=unknown"}
{"logTime": "1003/065032", "level": "INFO", "message": "Preference changed: name=profile.password_hash_data_list, new_value=[object], source=unknown"}
{"logTime": "1003/065032", "level": "INFO", "message": "Preference changed: name=schedule_to_flush_to_disk, new_value=\"13435483832551888\", source=unknown"}
{"logTime": "1003/065032", "level": "INFO", "message": "Preference changed: name=schedule_to_flush_to_disk, new_value=\"13435483832552728\", source=unknown"}
{"logTime": "1003/065032", "level": "INFO", "message": "Preference changed: name=edge.services.signin_scoped_device_id, new_value=\"7d789401-ec29-47df-ad15-406efb380c7d\", source=unknown"}
{"logTime": "1003/065032", "level": "INFO", "message": "Preference changed: name=optimization_guide.previously_registered_optimization_types, new_value=[object], source=unknown"}
{"logTime": "1003/065032", "level": "INFO", "message": "Preference changed: name=extensions.chrome_url_overrides, new_value=[object], source=unknown"}
{"logTime": "1003/065032", "level": "INFO", "message": "Preference changed: name=autofill.credit_card_enabled, new_value=false, source=unknown"}
{"logTime": "1003/065032", "level": "INFO", "message": "Preference changed: name=enable_edge_collections, new_value=false, source=unknown"}
{"logTime": "1003/065032", "level": "INFO", "message": "Preference changed: name=resolve_navigation_errors_use_web_service.enabled, new_value=false, source=unknown"}
{"logTime": "1003/065032", "level": "INFO", "message": "Preference changed: name=alternate_error_pages.enabled, new_value=false, source=unknown"}
{"logTime": "1003/065032", "level": "INFO", "message": "Preference changed: name=optimization_guide.previously_registered_optimization_types, new_value=[object], source=unknown"}
{"logTime": "1003/065032", "level": "INFO", "message": "Preference changed: name=optimization_guide.previously_registered_optimization_types, new_value=[object], source=unknown"}
{"logTime": "1003/065032", "level": "INFO", "message": "Preference changed: name=profile.content_settings.exceptions.storage_access_header_origin_trial, new_value=[object], source=unknown"}
{"logTime": "1003/065032", "level": "INFO", "message": "Preference changed: name=in_product_help.session_last_active_time, new_value=\"13435483832587483\", source=unknown"}
{"logTime": "1003/065032", "level": "INFO", "message": "Preference changed: name=edge_rewards.coachmark_promotions, new_value=[object], source=unknown"}
{"logTime": "1003/065032", "level": "INFO", "message": "Preference changed: name=edge_rewards.hva_promotions, new_value=[object], source=unknown"}
{"logTime": "1003/065032", "level": "INFO", "message": "Preference changed: name=language_model_counters, new_value=[object], source=unknown"}
{"logTime": "1003/065042", "level": "INFO", "message": "PrefStore write completed: store=4, success=true"}
{"logTime": "1003/065042", "level": "INFO", "message": "PrefStore write completed: store=4, success=true"}
{"logTime": "1003/065044", "level": "INFO", "message": "Preference changed: name=sessions.session_data_status, new_value=2, source=unknown"}
{"logTime": "1003/065044", "level": "INFO", "message": "Preference changed: name=sessions.session_data_status, new_value=3, source=unknown"}
{"logTime": "1003/065044", "level": "INFO", "message": "Preference changed: name=sessions.event_log, new_value=[object], source=unknown"}
{"logTime": "1003/065056", "level": "INFO", "message": "UserPrefStore loaded: error=NONE (0)"}
{"logTime": "1003/065056", "level": "INFO", "message": "Preference changed: name=optimization_guide.previously_registered_optimization_types, new_value=[object], source=unknown"}
{"logTime": "1003/065056", "level": "INFO", "message": "Preference changed: name=extensions.chrome_url_overrides, new_value=[object], source=unknown"}
{"logTime": "1003/065056", "level": "INFO", "message": "Preference changed: name=sessions.session_data_status, new_value=1, source=unknown"}
{"logTime": "1003/065056", "level": "INFO", "message": "Preference changed: name=sessions.event_log, new_value=[object], source=unknown"}
{"logTime": "1003/065056", "level": "INFO", "message": "Preference changed: name=optimization_guide.previously_registered_optimization_types, new_value=[object], source=unknown"}
{"logTime": "1003/065056", "level": "INFO", "message": "Preference changed: name=optimization_guide.previously_registered_optimization_types, new_value=[object], source=unknown"}
{"logTime": "1003/065056", "level": "INFO", "message": "Preference changed: name=optimization_guide.previously_registered_optimization_types, new_value=[object], source=unknown"}
{"logTime": "1003/065056", "level": "INFO", "message": "Preference changed: name=optimization_guide.previously_registered_optimization_types, new_value=[object], source=unknown"}
{"logTime": "1003/065056", "level": "INFO", "message": "Preference changed: name=optimization_guide.previously_registered_optimization_types, new_value=[object], source=unknown"}
{"logTime": "1003/065056", "level": "INFO", "message": "Preference changed: name=profile.network_pbs, new_value=[object], source=unknown"}
{"logTime": "1003/065056", "level": "INFO", "message": "Preference changed: name=profile.password_hash_data_list, new_value=[object], source=unknown"}
{"logTime": "1003/065056", "level": "INFO", "message": "Preference changed: name=schedule_to_flush_to_disk, new_value=\"13435483856907562\", source=unknown"}
{"logTime": "1003/065056", "level": "INFO", "message": "Preference changed: name=schedule_to_flush_to_disk, new_value=\"13435483856908452\", source=unknown"}
{"logTime": "1003/065056", "level": "INFO", "message": "Preference changed: name=edge.services.signin_scoped_device_id, new_value=\"b91e5282-6b5d-41c4-b0b5-66c462ee6715\", source=unknown"}
{"logTime": "1003/065056", "level": "INFO", "message": "Preference changed: name=optimization_guide.previously_registered_optimization_types, new_value=[object], source=unknown"}
{"logTime": "1003/065056", "level": "INFO", "message": "Preference changed: name=extensions.chrome_url_overrides, new_value=[object], source=unknown"}
{"logTime": "1003/065056", "level": "INFO", "message": "Preference changed: name=autofill.credit_card_enabled, new_value=false, source=unknown"}
{"logTime": "1003/065056", "level": "INFO", "message": "Preference changed: name=enable_edge_collections, new_value=false, source=unknown"}
{"logTime": "1003/065056", "level": "INFO", "message": "Preference changed: name=resolve_navigation_errors_use_web_service.enabled, new_value=false, source=unknown"}
{"logTime": "1003/065056", "level": "INFO", "message": "Preference changed: name=alternate_error_pages.enabled, new_value=false, source=unknown"}
{"logTime": "1003/065056", "level": "INFO", "message": "Preference changed: name=optimization_guide.previously_registered_optimization_types, new_value=[object], source=unknown"}
{"logTime": "1003/065056", "level": "INFO", "message": "Preference changed: name=optimization_guide.previously_registered_optimization_types, new_value=[object], source=unknown"}
{"logTime": "1003/065056", "level": "INFO", "message": "Preference changed: name=profile.content_settings.exceptions.storage_access_header_origin_trial, new_value=[object], source=unknown"}
{"logTime": "1003/065056", "level": "INFO", "message": "Preference changed: name=in_product_help.session_last_active_time, new_value=\"13435483856939644\", source=unknown"}
{"logTime": "1003/065057", "level": "INFO", "message": "Preference changed: name=edge_rewards.coachmark_promotions, new_value=[object], source=unknown"}
{"logTime": "1003/065057", "level": "INFO", "message": "Preference changed: name=edge_rewards.hva_promotions, new_value=[object], source=unknown"}
{"logTime": "1003/065106", "level": "INFO", "message": "PrefStore write completed: store=4, success=true"}
{"logTime": "1003/065106", "level": "INFO", "message": "PrefStore write completed: store=4, success=true"}
{"logTime": "1003/065116", "level": "INFO", "message": "Preference changed: name=sessions.session_data_status, new_value=2, source=unknown"}
{"logTime": "1003/065116", "level": "INFO", "message": "Preference changed: name=sessions.session_data_status, new_value=3, source=unknown"}
{"logTime": "1003/065116", "level": "INFO", "message": "Preference changed: name=sessions.event_log, new_value=[object], source=unknown"}
{"logTime": "1003/070318", "level": "INFO", "message": "UserPrefStore loaded: error=NONE (0)"}
{"logTime": "1003/070318", "level": "INFO", "message": "Preference changed: name=optimization_guide.previously_registered_optimization_types, new_value=[object], source=unknown"}
{"logTime": "1003/070318", "level": "INFO", "message": "Preference changed: name=extensions.chrome_url_overrides, new_value=[object], source=unknown"}
{"logTime": "1003/070318", "level": "INFO", "message": "Preference changed: name=sessions.session_data_status, new_value=1, source=unknown"}
{"logTime": "1003/070318", "level": "INFO", "message": "Preference changed: name=sessions.event_log, new_value=[object], source=unknown"}
{"logTime": "1003/070318", "level": "INFO", "message": "Preference changed: name=optimization_guide.previously_registered_optimization_types, new_value=[object], source=unknown"}
{"logTime": "1003/070318", "level": "INFO", "message": "Preference changed: name=optimization_guide.previously_registered_optimization_types, new_value=[object], source=unknown"}
{"logTime": "1003/070318", "level": "INFO", "message": "Preference changed: name=optimization_guide.previously_registered_optimization_types, new_value=[object], source=unknown"}
{"logTime": "1003/070318", "level": "INFO", "message": "Preference changed: name=optimization_guide.previously_registered_optimization_types, new_value=[object], source=unknown"}
{"logTime": "1003/070318", "level": "INFO", "message": "Preference changed: name=optimization_guide.previously_registered_optimization_types, new_value=[object], source=unknown"}
{"logTime": "1003/070318", "level": "INFO", "message": "Preference changed: name=profile.network_pbs, new_value=[object], source=unknown"}
{"logTime": "1003/070318", "level": "INFO", "message": "Preference changed: name=profile.password_hash_data_list, new_value=[object], source=unknown"}
{"logTime": "1003/070318", "level": "INFO", "message": "Preference changed: name=schedule_to_flush_to_disk, new_value=\"13435484598958331\", source=unknown"}
{"logTime": "1003/070318", "level": "INFO", "message": "Preference changed: name=schedule_to_flush_to_disk, new_value=\"13435484598959202\", source=unknown"}
{"logTime": "1003/070318", "level": "INFO", "message": "Preference changed: name=edge.services.signin_scoped_device_id, new_value=\"903686fa-e1d3-4ca4-86c2-7bfc42ae24d3\", source=unknown"}
{"logTime": "1003/070318", "level": "INFO", "message": "Preference changed: name=optimization_guide.previously_registered_optimization_types, new_value=[object], source=unknown"}
{"logTime": "1003/070318", "level": "INFO", "message": "Preference changed: name=extensions.chrome_url_overrides, new_value=[object], source=unknown"}
{"logTime": "1003/070318", "level": "INFO", "message": "Preference changed: name=autofill.credit_card_enabled, new_value=false, source=unknown"}
{"logTime": "1003/070318", "level": "INFO", "message": "Preference changed: name=enable_edge_collections, new_value=false, source=unknown"}
{"logTime": "1003/070318", "level": "INFO", "message": "Preference changed: name=resolve_navigation_errors_use_web_service.enabled, new_value=false, source=unknown"}
{"logTime": "1003/070318", "level": "INFO", "message": "Preference changed: name=alternate_error_pages.enabled, new_value=false, source=unknown"}
{"logTime": "1003/070318", "level": "INFO", "message": "Preference changed: name=optimization_guide.previously_registered_optimization_types, new_value=[object], source=unknown"}
{"logTime": "1003/070318", "level": "INFO", "message": "Preference changed: name=optimization_guide.previously_registered_optimization_types, new_value=[object], source=unknown"}
{"logTime": "1003/070318", "level": "INFO", "message": "Preference changed: name=profile.content_settings.exceptions.storage_access_header_origin_trial, new_value=[object], source=unknown"}
{"logTime": "1003/070318", "level": "INFO", "message": "Preference changed: name=in_product_help.session_last_active_time, new_value=\"13435484598993336\", source=unknown"}
{"logTime": "1003/070319", "level": "INFO", "message": "Preference changed: name=edge_rewards.coachmark_promotions, new_value=[object], source=unknown"}
{"logTime": "1003/070319", "level": "INFO", "message": "Preference changed: name=edge_rewards.hva_promotions, new_value=[object], source=unknown"}
{"logTime": "1003/070319", "level": "INFO", "message": "Preference changed: name=language_model_counters, new_value=[object], source=unknown"}
{"logTime": "1003/070322", "level": "INFO", "message": "Preference changed: name=sessions.session_data_status, new_value=2, source=unknown"}
{"logTime": "1003/070322", "level": "INFO", "message": "Preference changed: name=sessions.session_data_status, new_value=3, source=unknown"}
{"logTime": "1003/070322", "level": "INFO", "message": "Preference changed: name=sessions.event_log, new_value=[object], source=unknown"}
{"logTime": "1003/070355", "level": "INFO", "message": "UserPrefStore loaded: error=NONE (0)"}
{"logTime": "1003/070355", "level": "INFO", "message": "Preference changed: name=optimization_guide.previously_registered_optimization_types, new_value=[object], source=unknown"}
{"logTime": "1003/070355", "level": "INFO", "message": "Preference changed: name=extensions.chrome_url_overrides, new_value=[object], source=unknown"}
{"logTime": "1003/070355", "level": "INFO", "message": "Preference changed: name=sessions.session_data_status, new_value=1, source=unknown"}
{"logTime": "1003/070355", "level": "INFO", "message": "Preference changed: name=sessions.event_log, new_value=[object], source=unknown"}
{"logTime": "1003/070355", "level": "INFO", "message": "Preference changed: name=optimization_guide.previously_registered_optimization_types, new_value=[object], source=unknown"}
{"logTime": "1003/070355", "level": "INFO", "message": "Preference changed: name=optimization_guide.previously_registered_optimization_types, new_value=[object], source=unknown"}
{"logTime": "1003/070355", "level": "INFO", "message": "Preference changed: name=optimization_guide.previously_registered_optimization_types, new_value=[object], source=unknown"}
{"logTime": "1003/070355", "level": "INFO", "message": "Preference changed: name=optimization_guide.previously_registered_optimization_types, new_value=[object], source=unknown"}
{"logTime": "1003/070355", "level": "INFO", "message": "Preference changed: name=optimization_guide.previously_registered_optimization_types, new_value=[object], source=unknown"}
{"logTime": "1003/070355", "level": "INFO", "message": "Preference changed: name=profile.network_pbs, new_value=[object], source=unknown"}
{"logTime": "1003/070355", "level": "INFO", "message": "Preference changed: name=profile.password_hash_data_list, new_value=[object], source=unknown"}
{"logTime": "1003/070355", "level": "INFO", "message": "Preference changed: name=schedule_to_flush_to_disk, new_value=\"13435484635886537\", source=unknown"}
{"logTime": "1003/070355", "level": "INFO", "message": "Preference changed: name=schedule_to_flush_to_disk, new_value=\"13435484635887338\", source=unknown"}
{"logTime": "1003/070355", "level": "INFO", "message": "Preference changed: name=edge.services.signin_scoped_device_id, new_value=\"4688c294-73ca-4378-90dc-3112dc53c598\", source=unknown"}
{"logTime": "1003/070355", "level": "INFO", "message": "Preference changed: name=optimization_guide.previously_registered_optimization_types, new_value=[object], source=unknown"}
{"logTime": "1003/070355", "level": "INFO", "message": "Preference changed: name=extensions.chrome_url_overrides, new_value=[object], source=unknown"}
{"logTime": "1003/070355", "level": "INFO", "message": "Preference changed: name=autofill.credit_card_enabled, new_value=false, source=unknown"}
{"logTime": "1003/070355", "level": "INFO", "message": "Preference changed: name=enable_edge_collections, new_value=false, source=unknown"}
{"logTime": "1003/070355", "level": "INFO", "message": "Preference changed: name=resolve_navigation_errors_use_web_service.enabled, new_value=false, source=unknown"}
{"logTime": "1003/070355", "level": "INFO", "message": "Preference changed: name=alternate_error_pages.enabled, new_value=false, source=unknown"}
{"logTime": "1003/070355", "level": "INFO", "message": "Preference changed: name=optimization_guide.previously_registered_optimization_types, new_value=[object], source=unknown"}
{"logTime": "1003/070355", "level": "INFO", "message": "Preference changed: name=optimization_guide.previously_registered_optimization_types, new_value=[object], source=unknown"}
{"logTime": "1003/070355", "level": "INFO", "message": "Preference changed: name=profile.content_settings.exceptions.storage_access_header_origin_trial, new_value=[object], source=unknown"}
{"logTime": "1003/070355", "level": "INFO", "message": "Preference changed: name=in_product_help.session_last_active_time, new_value=\"13435484635921285\", source=unknown"}
{"logTime": "1003/070356", "level": "INFO", "message": "Preference changed: name=edge_rewards.coachmark_promotions, new_value=[object], source=unknown"}
{"logTime": "1003/070356", "level": "INFO", "message": "Preference changed: name=edge_rewards.hva_promotions, new_value=[object], source=unknown"}
{"logTime": "1003/070356", "level": "INFO", "message": "Preference changed: name=language_model_counters, new_value=[object], source=unknown"}
{"logTime": "1003/070359", "level": "INFO", "message": "Preference changed: name=sessions.session_data_status, new_value=2, source=unknown"}
{"logTime": "1003/070359", "level": "INFO", "message": "Preference changed: name=sessions.session_data_status, new_value=3, source=unknown"}
{"logTime": "1003/070359", "level": "INFO", "message": "Preference changed: name=sessions.event_log, new_value=[object], source=unknown"}
{"logTime": "1003/070407", "level": "INFO", "message": "UserPrefStore loaded: error=NONE (0)"}
{"logTime": "1003/070407", "level": "INFO", "message": "Preference changed: name=optimization_guide.previously_registered_optimization_types, new_value=[object], source=unknown"}
{"logTime": "1003/070407", "level": "INFO", "message": "Preference changed: name=extensions.chrome_url_overrides, new_value=[object], source=unknown"}
{"logTime": "1003/070407", "level": "INFO", "message": "Preference changed: name=sessions.session_data_status, new_value=1, source=unknown"}
{"logTime": "1003/070407", "level": "INFO", "message": "Preference changed: name=sessions.event_log, new_value=[object], source=unknown"}
{"logTime": "1003/070407", "level": "INFO", "message": "Preference changed: name=optimization_guide.previously_registered_optimization_types, new_value=[object], source=unknown"}
{"logTime": "1003/070407", "level": "INFO", "message": "Preference changed: name=optimization_guide.previously_registered_optimization_types, new_value=[object], source=unknown"}
{"logTime": "1003/070407", "level": "INFO", "message": "Preference changed: name=optimization_guide.previously_registered_optimization_types, new_value=[object], source=unknown"}
{"logTime": "1003/070407", "level": "INFO", "message": "Preference changed: name=optimization_guide.previously_registered_optimization_types, new_value=[object], source=unknown"}
{"logTime": "1003/070407", "level": "INFO", "message": "Preference changed: name=optimization_guide.previously_registered_optimization_types, new_value=[object], source=unknown"}
{"logTime": "1003/070407", "level": "INFO", "message": "Preference changed: name=profile.network_pbs, new_value=[object], source=unknown"}
{"logTime": "1003/070407", "level": "INFO", "message": "Preference changed: name=profile.password_hash_data_list, new_value=[object], source=unknown"}
{"logTime": "1003/070407", "level": "INFO", "message": "Preference changed: name=schedule_to_flush_to_disk, new_value=\"13435484647618886\", source=unknown"}
{"logTime": "1003/070407", "level": "INFO", "message": "Preference changed: name=schedule_to_flush_to_disk, new_value=\"13435484647619663\", source=unknown"}
{"logTime": "1003/070407", "level": "INFO", "message": "Preference changed: name=edge.services.signin_scoped_device_id, new_value=\"b6b4d12b-1601-48c5-8446-8fa7e8fa6959\", source=unknown"}
{"logTime": "1003/070407", "level": "INFO", "message": "Preference changed: name=optimization_guide.previously_registered_optimization_types, new_value=[object], source=unknown"}
{"logTime": "1003/070407", "level": "INFO", "message": "Preference changed: name=extensions.chrome_url_overrides, new_value=[object], source=unknown"}
{"logTime": "1003/070407", "level": "INFO", "message": "Preference changed: name=autofill.credit_card_enabled, new_value=false, source=unknown"}
{"logTime": "1003/070407", "level": "INFO", "message": "Preference changed: name=enable_edge_collections, new_value=false, source=unknown"}
{"logTime": "1003/070407", "level": "INFO", "message": "Preference changed: name=resolve_navigation_errors_use_web_service.enabled, new_value=false, source=unknown"}
{"logTime": "1003/070407", "level": "INFO", "message": "Preference changed: name=alternate_error_pages.enabled, new_value=false, source=unknown"}
{"logTime": "1003/070407", "level": "INFO", "message": "Preference changed: name=optimization_guide.previously_registered_optimization_types, new_value=[object], source=unknown"}
{"logTime": "1003/070407", "level": "INFO", "message": "Preference changed: name=optimization_guide.previously_registered_optimization_types, new_value=[object], source=unknown"}
{"logTime": "1003/070407", "level": "INFO", "message": "Preference changed: name=profile.content_settings.exceptions.storage_access_header_origin_trial, new_value=[object], source=unknown"}
{"logTime": "1003/070407", "level": "INFO", "message": "Preference changed: name=in_product_help.session_last_active_time, new_value=\"13435484647654551\", source=unknown"}
{"logTime": "1003/070407", "level": "INFO", "message": "Preference changed: name=edge_rewards.coachmark_promotions, new_value=[object], source=unknown"}
{"logTime": "1003/070407", "level": "INFO", "message": "Preference changed: name=edge_rewards.hva_promotions, new_value=[object], source=unknown"}
{"logTime": "1003/070407", "level": "INFO", "message": "Preference changed: name=language_model_counters, new_value=[object], source=unknown"}
{"logTime": "1003/070410", "level": "INFO", "message": "Preference changed: name=sessions.session_data_status, new_value=2, source=unknown"}
{"logTime": "1003/070410", "level": "INFO", "message": "Preference changed: name=sessions.session_data_status, new_value=3, source=unknown"}
{"logTime": "1003/070410", "level": "INFO", "message": "Preference changed: name=sessions.event_log, new_value=[object], source=unknown"}
{"logTime": "1003/071110", "level": "INFO", "message": "UserPrefStore loaded: error=NONE (0)"}
{"logTime": "1003/071110", "level": "INFO", "message": "Preference changed: name=optimization_guide.previously_registered_optimization_types, new_value=[object], source=unknown"}
{"logTime": "1003/071110", "level": "INFO", "message": "Preference changed: name=extensions.chrome_url_overrides, new_value=[object], source=unknown"}
{"logTime": "1003/071110", "level": "INFO", "message": "Preference changed: name=sessions.session_data_status, new_value=1, source=unknown"}
{"logTime": "1003/071110", "level": "INFO", "message": "Preference changed: name=sessions.event_log, new_value=[object], source=unknown"}
{"logTime": "1003/071110", "level": "INFO", "message": "Preference changed: name=optimization_guide.previously_registered_optimization_types, new_value=[object], source=unknown"}
{"logTime": "1003/071110", "level": "INFO", "message": "Preference changed: name=optimization_guide.previously_registered_optimization_types, new_value=[object], source=unknown"}
{"logTime": "1003/071110", "level": "INFO", "message": "Preference changed: name=optimization_guide.previously_registered_optimization_types, new_value=[object], source=unknown"}
{"logTime": "1003/071110", "level": "INFO", "message": "Preference changed: name=optimization_guide.previously_registered_optimization_types, new_value=[object], source=unknown"}
{"logTime": "1003/071110", "level": "INFO", "message": "Preference changed: name=optimization_guide.previously_registered_optimization_types, new_value=[object], source=unknown"}
{"logTime": "1003/071110", "level": "INFO", "message": "Preference changed: name=profile.network_pbs, new_value=[object], source=unknown"}
{"logTime": "1003/071110", "level": "INFO", "message": "Preference changed: name=profile.password_hash_data_list, new_value=[object], source=unknown"}
{"logTime": "1003/071110", "level": "INFO", "message": "Preference changed: name=schedule_to_flush_to_disk, new_value=\"13435485070828267\", source=unknown"}
{"logTime": "1003/071110", "level": "INFO", "message": "Preference changed: name=schedule_to_flush_to_disk, new_value=\"13435485070828890\", source=unknown"}
{"logTime": "1003/071110", "level": "INFO", "message": "Preference changed: name=edge.services.signin_scoped_device_id, new_value=\"d986528e-3793-4ce6-8af4-eb91092b6a22\", source=unknown"}
{"logTime": "1003/071110", "level": "INFO", "message": "Preference changed: name=optimization_guide.previously_registered_optimization_types, new_value=[object], source=unknown"}
{"logTime": "1003/071110", "level": "INFO", "message": "Preference changed: name=extensions.chrome_url_overrides, new_value=[object], source=unknown"}
{"logTime": "1003/071110", "level": "INFO", "message": "Preference changed: name=autofill.credit_card_enabled, new_value=false, source=unknown"}
{"logTime": "1003/071110", "level": "INFO", "message": "Preference changed: name=enable_edge_collections, new_value=false, source=unknown"}
{"logTime": "1003/071110", "level": "INFO", "message": "Preference changed: name=resolve_navigation_errors_use_web_service.enabled, new_value=false, source=unknown"}
{"logTime": "1003/071110", "level": "INFO", "message": "Preference changed: name=alternate_error_pages.enabled, new_value=false, source=unknown"}
{"logTime": "1003/071110", "level": "INFO", "message": "Preference changed: name=optimization_guide.previously_registered_optimization_types, new_value=[object], source=unknown"}
{"logTime": "1003/071110", "level": "INFO", "message": "Preference changed: name=optimization_guide.previously_registered_optimization_types, new_value=[object], source=unknown"}
{"logTime": "1003/071110", "level": "INFO", "message": "Preference changed: name=profile.content_settings.exceptions.storage_access_header_origin_trial, new_value=[object], source=unknown"}
{"logTime": "1003/071110", "level": "INFO", "message": "Preference changed: name=in_product_help.session_last_active_time, new_value=\"13435485070863904\", source=unknown"}
{"logTime": "1003/071110", "level": "INFO", "message": "Preference changed: name=edge_rewards.coachmark_promotions, new_value=[object], source=unknown"}
{"logTime": "1003/071110", "level": "INFO", "message": "Preference changed: name=edge_rewards.hva_promotions, new_value=[object], source=unknown"}
{"logTime": "1003/071120", "level": "INFO", "message": "PrefStore write completed: store=4, success=true"}
{"logTime": "1003/071120", "level": "INFO", "message": "PrefStore write completed: store=4, success=true"}
{"logTime": "1003/071457", "level": "INFO", "message": "Preference changed: name=language_dwell_time_average, new_value=[object], source=unknown"}
{"logTime": "1003/071457", "level": "INFO", "message": "Preference changed: name=language_usage_count, new_value=[object], source=unknown"}
{"logTime": "1003/071457", "level": "INFO", "message": "Preference changed: name=language_model_counters, new_value=[object], source=unknown"}
{"logTime": "1003/071507", "level": "INFO", "message": "PrefStore write completed: store=4, success=true"}
{"logTime": "1003/071848", "level": "INFO", "message": "Preference changed: name=sessions.event_log, new_value=[object], source=unknown"}
{"logTime": "1003/071859", "level": "INFO", "message": "PrefStore write completed: store=4, success=true"}
{"logTime": "1003/074234", "level": "INFO", "message": "Preference changed: name=language_model_counters, new_value=[object], source=unknown"}
{"logTime": "1003/074443", "level": "INFO", "message": "Preference changed: name=language_dwell_time_average, new_value=[object], source=unknown"}
{"logTime": "1003/074443", "level": "INFO", "message": "Preference changed: name=language_usage_count, new_value=[object], source=unknown"}
{"logTime": "1003/074443", "level": "INFO", "message": "Preference changed: name=language_model_counters, new_value=[object], source=unknown"}
{"logTime": "1003/074453", "level": "INFO", "message": "PrefStore write completed: store=4, success=true"}
{"logTime": "1003/080850", "level": "INFO", "message": "Preference changed: name=sessions.session_data_status, new_value=2, source=unknown"}
{"logTime": "1003/080850", "level": "INFO", "message": "Preference changed: name=sessions.session_data_status, new_value=3, source=unknown"}
{"logTime": "1003/081622", "level": "INFO", "message": "UserPrefStore loaded: error=NONE (0)"}
{"logTime": "1003/081622", "level": "INFO", "message": "Preference changed: name=optimization_guide.previously_registered_optimization_types, new_value=[object], source=unknown"}
{"logTime": "1003/081622", "level": "INFO", "message": "Preference changed: name=extensions.chrome_url_overrides, new_value=[object], source=unknown"}
{"logTime": "1003/081622", "level": "INFO", "message": "Preference changed: name=sessions.session_data_status, new_value=1, source=unknown"}
{"logTime": "1003/081622", "level": "INFO", "message": "Preference changed: name=sessions.event_log, new_value=[object], source=unknown"}
{"logTime": "1003/081622", "level": "INFO", "message": "Preference changed: name=optimization_guide.previously_registered_optimization_types, new_value=[object], source=unknown"}
{"logTime": "1003/081622", "level": "INFO", "message": "Preference changed: name=optimization_guide.previously_registered_optimization_types, new_value=[object], source=unknown"}
{"logTime": "1003/081622", "level": "INFO", "message": "Preference changed: name=optimization_guide.previously_registered_optimization_types, new_value=[object], source=unknown"}
{"logTime": "1003/081622", "level": "INFO", "message": "Preference changed: name=optimization_guide.previously_registered_optimization_types, new_value=[object], source=unknown"}
{"logTime": "1003/081622", "level": "INFO", "message": "Preference changed: name=optimization_guide.previously_registered_optimization_types, new_value=[object], source=unknown"}
{"logTime": "1003/081622", "level": "INFO", "message": "Preference changed: name=profile.network_pbs, new_value=[object], source=unknown"}
{"logTime": "1003/081622", "level": "INFO", "message": "Preference changed: name=profile.password_hash_data_list, new_value=[object], source=unknown"}
{"logTime": "1003/081622", "level": "INFO", "message": "Preference changed: name=schedule_to_flush_to_disk, new_value=\"13435488982603353\", source=unknown"}
{"logTime": "1003/081622", "level": "INFO", "message": "Preference changed: name=schedule_to_flush_to_disk, new_value=\"13435488982604138\", source=unknown"}
{"logTime": "1003/081622", "level": "INFO", "message": "Preference changed: name=edge.services.signin_scoped_device_id, new_value=\"8c9e7b01-9ddd-4c66-bdd0-cc5660df4337\", source=unknown"}
{"logTime": "1003/081622", "level": "INFO", "message": "Preference changed: name=optimization_guide.previously_registered_optimization_types, new_value=[object], source=unknown"}
{"logTime": "1003/081622", "level": "INFO", "message": "Preference changed: name=extensions.chrome_url_overrides, new_value=[object], source=unknown"}
{"logTime": "1003/081622", "level": "INFO", "message": "Preference changed: name=autofill.credit_card_enabled, new_value=false, source=unknown"}
{"logTime": "1003/081622", "level": "INFO", "message": "Preference changed: name=enable_edge_collections, new_value=false, source=unknown"}
{"logTime": "1003/081622", "level": "INFO", "message": "Preference changed: name=resolve_navigation_errors_use_web_service.enabled, new_value=false, source=unknown"}
{"logTime": "1003/081622", "level": "INFO", "message": "Preference changed: name=alternate_error_pages.enabled, new_value=false, source=unknown"}
{"logTime": "1003/081622", "level": "INFO", "message": "Preference changed: name=optimization_guide.previously_registered_optimization_types, new_value=[object], source=unknown"}
{"logTime": "1003/081622", "level": "INFO", "message": "Preference changed: name=optimization_guide.previously_registered_optimization_types, new_value=[object], source=unknown"}
{"logTime": "1003/081622", "level": "INFO", "message": "Preference changed: name=profile.content_settings.exceptions.storage_access_header_origin_trial, new_value=[object], source=unknown"}
{"logTime": "1003/081622", "level": "INFO", "message": "Preference changed: name=in_product_help.session_last_active_time, new_value=\"13435488982637364\", source=unknown"}
{"logTime": "1003/081622", "level": "INFO", "message": "Preference changed: name=edge_rewards.coachmark_promotions, new_value=[object], source=unknown"}
{"logTime": "1003/081622", "level": "INFO", "message": "Preference changed: name=edge_rewards.hva_promotions, new_value=[object], source=unknown"}
{"logTime": "1003/081622", "level": "INFO", "message": "Preference changed: name=language_model_counters, new_value=[object], source=unknown"}
{"logTime": "1003/081632", "level": "INFO", "message": "PrefStore write completed: store=4, success=true"}
{"logTime": "1003/081632", "level": "INFO", "message": "PrefStore write completed: store=4, success=true"}
{"logTime": "1003/081807", "level": "INFO", "message": "Preference changed: name=sessions.event_log, new_value=[object], source=unknown"}
{"logTime": "1003/081817", "level": "INFO", "message": "PrefStore write completed: store=4, success=true"}
{"logTime": "1003/082749", "level": "INFO", "message": "Preference changed: name=sessions.session_data_status, new_value=2, source=unknown"}
{"logTime": "1003/082749", "level": "INFO", "message": "Preference changed: name=sessions.session_data_status, new_value=3, source=unknown"}
{"logTime": "1003/083300", "level": "INFO", "message": "UserPrefStore loaded: error=NONE (0)"}
{"logTime": "1003/083300", "level": "INFO", "message": "Preference changed: name=optimization_guide.previously_registered_optimization_types, new_value=[object], source=unknown"}
{"logTime": "1003/083300", "level": "INFO", "message": "Preference changed: name=extensions.chrome_url_overrides, new_value=[object], source=unknown"}
{"logTime": "1003/083300", "level": "INFO", "message": "Preference changed: name=sessions.session_data_status, new_value=1, source=unknown"}
{"logTime": "1003/083300", "level": "INFO", "message": "Preference changed: name=sessions.event_log, new_value=[object], source=unknown"}
{"logTime": "1003/083300", "level": "INFO", "message": "Preference changed: name=optimization_guide.previously_registered_optimization_types, new_value=[object], source=unknown"}
{"logTime": "1003/083300", "level": "INFO", "message": "Preference changed: name=optimization_guide.previously_registered_optimization_types, new_value=[object], source=unknown"}
{"logTime": "1003/083300", "level": "INFO", "message": "Preference changed: name=optimization_guide.previously_registered_optimization_types, new_value=[object], source=unknown"}
{"logTime": "1003/083300", "level": "INFO", "message": "Preference changed: name=optimization_guide.previously_registered_optimization_types, new_value=[object], source=unknown"}
{"logTime": "1003/083300", "level": "INFO", "message": "Preference changed: name=optimization_guide.previously_registered_optimization_types, new_value=[object], source=unknown"}
{"logTime": "1003/083300", "level": "INFO", "message": "Preference changed: name=profile.network_pbs, new_value=[object], source=unknown"}
{"logTime": "1003/083300", "level": "INFO", "message": "Preference changed: name=profile.password_hash_data_list, new_value=[object], source=unknown"}
{"logTime": "1003/083300", "level": "INFO", "message": "Preference changed: name=schedule_to_flush_to_disk, new_value=\"13435489980206079\", source=unknown"}
{"logTime": "1003/083300", "level": "INFO", "message": "Preference changed: name=schedule_to_flush_to_disk, new_value=\"13435489980206893\", source=unknown"}
{"logTime": "1003/083300", "level": "INFO", "message": "Preference changed: name=edge.services.signin_scoped_device_id, new_value=\"f8d9d357-d455-420b-b7f5-b79063e03c42\", source=unknown"}
{"logTime": "1003/083300", "level": "INFO", "message": "Preference changed: name=optimization_guide.previously_registered_optimization_types, new_value=[object], source=unknown"}
{"logTime": "1003/083300", "level": "INFO", "message": "Preference changed: name=extensions.chrome_url_overrides, new_value=[object], source=unknown"}
{"logTime": "1003/083300", "level": "INFO", "message": "Preference changed: name=autofill.credit_card_enabled, new_value=false, source=unknown"}
{"logTime": "1003/083300", "level": "INFO", "message": "Preference changed: name=enable_edge_collections, new_value=false, source=unknown"}
{"logTime": "1003/083300", "level": "INFO", "message": "Preference changed: name=resolve_navigation_errors_use_web_service.enabled, new_value=false, source=unknown"}
{"logTime": "1003/083300", "level": "INFO", "message": "Preference changed: name=alternate_error_pages.enabled, new_value=false, source=unknown"}
{"logTime": "1003/083300", "level": "INFO", "message": "Preference changed: name=optimization_guide.previously_registered_optimization_types, new_value=[object], source=unknown"}
{"logTime": "1003/083300", "level": "INFO", "message": "Preference changed: name=optimization_guide.previously_registered_optimization_types, new_value=[object], source=unknown"}
{"logTime": "1003/083300", "level": "INFO", "message": "Preference changed: name=profile.content_settings.exceptions.storage_access_header_origin_trial, new_value=[object], source=unknown"}
{"logTime": "1003/083300", "level": "INFO", "message": "Preference changed: name=in_product_help.session_last_active_time, new_value=\"13435489980238383\", source=unknown"}
{"logTime": "1003/083300", "level": "INFO", "message": "Preference changed: name=edge_rewards.coachmark_promotions, new_value=[object], source=unknown"}
{"logTime": "1003/083300", "level": "INFO", "message": "Preference changed: name=edge_rewards.hva_promotions, new_value=[object], source=unknown"}
{"logTime": "1003/083300", "level": "INFO", "message": "Preference changed: name=language_model_counters, new_value=[object], source=unknown"}
{"logTime": "1003/083309", "level": "INFO", "message": "Preference changed: name=sessions.session_data_status, new_value=2, source=unknown"}
{"logTime": "1003/083309", "level": "INFO", "message": "Preference changed: name=sessions.session_data_status, new_value=3, source=unknown"}
{"logTime": "1003/083309", "level": "INFO", "message": "Preference changed: name=sessions.event_log, new_value=[object], source=unknown"}
{"logTime": "1003/083726", "level": "INFO", "message": "UserPrefStore loaded: error=NONE (0)"}
{"logTime": "1003/083726", "level": "INFO", "message": "Preference changed: name=optimization_guide.previously_registered_optimization_types, new_value=[object], source=unknown"}
{"logTime": "1003/083726", "level": "INFO", "message": "Preference changed: name=extensions.chrome_url_overrides, new_value=[object], source=unknown"}
{"logTime": "1003/083726", "level": "INFO", "message": "Preference changed: name=sessions.session_data_status, new_value=1, source=unknown"}
{"logTime": "1003/083726", "level": "INFO", "message": "Preference changed: name=sessions.event_log, new_value=[object], source=unknown"}
{"logTime": "1003/083726", "level": "INFO", "message": "Preference changed: name=optimization_guide.previously_registered_optimization_types, new_value=[object], source=unknown"}
{"logTime": "1003/083726", "level": "INFO", "message": "Preference changed: name=optimization_guide.previously_registered_optimization_types, new_value=[object], source=unknown"}
{"logTime": "1003/083726", "level": "INFO", "message": "Preference changed: name=optimization_guide.previously_registered_optimization_types, new_value=[object], source=unknown"}
{"logTime": "1003/083726", "level": "INFO", "message": "Preference changed: name=optimization_guide.previously_registered_optimization_types, new_value=[object], source=unknown"}
{"logTime": "1003/083726", "level": "INFO", "message": "Preference changed: name=optimization_guide.previously_registered_optimization_types, new_value=[object], source=unknown"}
{"logTime": "1003/083726", "level": "INFO", "message": "Preference changed: name=profile.network_pbs, new_value=[object], source=unknown"}
{"logTime": "1003/083726", "level": "INFO", "message": "Preference changed: name=profile.password_hash_data_list, new_value=[object], source=unknown"}
{"logTime": "1003/083726", "level": "INFO", "message": "Preference changed: name=schedule_to_flush_to_disk, new_value=\"13435490246656176\", source=unknown"}
{"logTime": "1003/083726", "level": "INFO", "message": "Preference changed: name=schedule_to_flush_to_disk, new_value=\"13435490246656901\", source=unknown"}
{"logTime": "1003/083726", "level": "INFO", "message": "Preference changed: name=edge.services.signin_scoped_device_id, new_value=\"82ab62f1-5c22-4921-95c3-5a472f4a63ff\", source=unknown"}
{"logTime": "1003/083726", "level": "INFO", "message": "Preference changed: name=optimization_guide.previously_registered_optimization_types, new_value=[object], source=unknown"}
{"logTime": "1003/083726", "level": "INFO", "message": "Preference changed: name=extensions.chrome_url_overrides, new_value=[object], source=unknown"}
{"logTime": "1003/083726", "level": "INFO", "message": "Preference changed: name=autofill.credit_card_enabled, new_value=false, source=unknown"}
{"logTime": "1003/083726", "level": "INFO", "message": "Preference changed: name=enable_edge_collections, new_value=false, source=unknown"}
{"logTime": "1003/083726", "level": "INFO", "message": "Preference changed: name=resolve_navigation_errors_use_web_service.enabled, new_value=false, source=unknown"}
{"logTime": "1003/083726", "level": "INFO", "message": "Preference changed: name=alternate_error_pages.enabled, new_value=false, source=unknown"}
{"logTime": "1003/083726", "level": "INFO", "message": "Preference changed: name=optimization_guide.previously_registered_optimization_types, new_value=[object], source=unknown"}
{"logTime": "1003/083726", "level": "INFO", "message": "Preference changed: name=optimization_guide.previously_registered_optimization_types, new_value=[object], source=unknown"}
{"logTime": "1003/083726", "level": "INFO", "message": "Preference changed: name=profile.content_settings.exceptions.storage_access_header_origin_trial, new_value=[object], source=unknown"}
{"logTime": "1003/083726", "level": "INFO", "message": "Preference changed: name=in_product_help.session_last_active_time, new_value=\"13435490246690895\", source=unknown"}
{"logTime": "1003/083726", "level": "INFO", "message": "Preference changed: name=edge_rewards.coachmark_promotions, new_value=[object], source=unknown"}
{"logTime": "1003/083726", "level": "INFO", "message": "Preference changed: name=edge_rewards.hva_promotions, new_value=[object], source=unknown"}
{"logTime": "1003/083726", "level": "INFO", "message": "Preference changed: name=language_model_counters, new_value=[object], source=unknown"}
{"logTime": "1003/083736", "level": "INFO", "message": "PrefStore write completed: store=4, success=true"}
{"logTime": "1003/083736", "level": "INFO", "message": "PrefStore write completed: store=4, success=true"}
{"logTime": "1003/083738", "level": "INFO", "message": "Preference changed: name=sessions.session_data_status, new_value=2, source=unknown"}
{"logTime": "1003/083738", "level": "INFO", "message": "Preference changed: name=sessions.session_data_status, new_value=3, source=unknown"}
{"logTime": "1003/083738", "level": "INFO", "message": "Preference changed: name=sessions.event_log, new_value=[object], source=unknown"}
{"logTime": "1003/084055", "level": "INFO", "message": "UserPrefStore loaded: error=NONE (0)"}
{"logTime": "1003/084055", "level": "INFO", "message": "Preference changed: name=optimization_guide.previously_registered_optimization_types, new_value=[object], source=unknown"}
{"logTime": "1003/084055", "level": "INFO", "message": "Preference changed: name=extensions.chrome_url_overrides, new_value=[object], source=unknown"}
{"logTime": "1003/084055", "level": "INFO", "message": "Preference changed: name=sessions.session_data_status, new_value=1, source=unknown"}
{"logTime": "1003/084055", "level": "INFO", "message": "Preference changed: name=sessions.event_log, new_value=[object], source=unknown"}
{"logTime": "1003/084055", "level": "INFO", "message": "Preference changed: name=optimization_guide.previously_registered_optimization_types, new_value=[object], source=unknown"}
{"logTime": "1003/084055", "level": "INFO", "message": "Preference changed: name=optimization_guide.previously_registered_optimization_types, new_value=[object], source=unknown"}
{"logTime": "1003/084055", "level": "INFO", "message": "Preference changed: name=optimization_guide.previously_registered_optimization_types, new_value=[object], source=unknown"}
{"logTime": "1003/084055", "level": "INFO", "message": "Preference changed: name=optimization_guide.previously_registered_optimization_types, new_value=[object], source=unknown"}
{"logTime": "1003/084055", "level": "INFO", "message": "Preference changed: name=optimization_guide.previously_registered_optimization_types, new_value=[object], source=unknown"}
{"logTime": "1003/084055", "level": "INFO", "message": "Preference changed: name=profile.network_pbs, new_value=[object], source=unknown"}
{"logTime": "1003/084055", "level": "INFO", "message": "Preference changed: name=profile.password_hash_data_list, new_value=[object], source=unknown"}
{"logTime": "1003/084055", "level": "INFO", "message": "Preference changed: name=schedule_to_flush_to_disk, new_value=\"13435490455833834\", source=unknown"}
{"logTime": "1003/084055", "level": "INFO", "message": "Preference changed: name=schedule_to_flush_to_disk, new_value=\"13435490455834687\", source=unknown"}
{"logTime": "1003/084055", "level": "INFO", "message": "Preference changed: name=edge.services.signin_scoped_device_id, new_value=\"5e32166f-9a1c-4178-a67e-767693e34d8d\", source=unknown"}
{"logTime": "1003/084055", "level": "INFO", "message": "Preference changed: name=optimization_guide.previously_registered_optimization_types, new_value=[object], source=unknown"}
{"logTime": "1003/084055", "level": "INFO", "message": "Preference changed: name=extensions.chrome_url_overrides, new_value=[object], source=unknown"}
{"logTime": "1003/084055", "level": "INFO", "message": "Preference changed: name=autofill.credit_card_enabled, new_value=false, source=unknown"}
{"logTime": "1003/084055", "level": "INFO", "message": "Preference changed: name=enable_edge_collections, new_value=false, source=unknown"}
{"logTime": "1003/084055", "level": "INFO", "message": "Preference changed: name=resolve_navigation_errors_use_web_service.enabled, new_value=false, source=unknown"}
{"logTime": "1003/084055", "level": "INFO", "message": "Preference changed: name=alternate_error_pages.enabled, new_value=false, source=unknown"}
{"logTime": "1003/084055", "level": "INFO", "message": "Preference changed: name=optimization_guide.previously_registered_optimization_types, new_value=[object], source=unknown"}
{"logTime": "1003/084055", "level": "INFO", "message": "Preference changed: name=optimization_guide.previously_registered_optimization_types, new_value=[object], source=unknown"}
{"logTime": "1003/084055", "level": "INFO", "message": "Preference changed: name=profile.content_settings.exceptions.storage_access_header_origin_trial, new_value=[object], source=unknown"}
{"logTime": "1003/084055", "level": "INFO", "message": "Preference changed: name=in_product_help.session_last_active_time, new_value=\"13435490455873825\", source=unknown"}
{"logTime": "1003/084056", "level": "INFO", "message": "Preference changed: name=edge_rewards.coachmark_promotions, new_value=[object], source=unknown"}
{"logTime": "1003/084056", "level": "INFO", "message": "Preference changed: name=edge_rewards.hva_promotions, new_value=[object], source=unknown"}
{"logTime": "1003/084105", "level": "INFO", "message": "PrefStore write completed: store=4, success=true"}
{"logTime": "1003/084105", "level": "INFO", "message": "PrefStore write completed: store=4, success=true"}
{"logTime": "1003/084347", "level": "INFO", "message": "Preference changed: name=sessions.session_data_status, new_value=2, source=unknown"}
{"logTime": "1003/084347", "level": "INFO", "message": "Preference changed: name=sessions.session_data_status, new_value=3, source=unknown"}
{"logTime": "1003/084347", "level": "INFO", "message": "Preference changed: name=sessions.event_log, new_value=[object], source=unknown"}
{"logTime": "1003/093255", "level": "INFO", "message": "UserPrefStore loaded: error=NONE (0)"}
{"logTime": "1003/093255", "level": "INFO", "message": "Preference changed: name=optimization_guide.previously_registered_optimization_types, new_value=[object], source=unknown"}
{"logTime": "1003/093255", "level": "INFO", "message": "Preference changed: name=extensions.chrome_url_overrides, new_value=[object], source=unknown"}
{"logTime": "1003/093255", "level": "INFO", "message": "Preference changed: name=sessions.session_data_status, new_value=1, source=unknown"}
{"logTime": "1003/093255", "level": "INFO", "message": "Preference changed: name=sessions.event_log, new_value=[object], source=unknown"}
{"logTime": "1003/093255", "level": "INFO", "message": "Preference changed: name=optimization_guide.previously_registered_optimization_types, new_value=[object], source=unknown"}
{"logTime": "1003/093255", "level": "INFO", "message": "Preference changed: name=optimization_guide.previously_registered_optimization_types, new_value=[object], source=unknown"}
{"logTime": "1003/093255", "level": "INFO", "message": "Preference changed: name=optimization_guide.previously_registered_optimization_types, new_value=[object], source=unknown"}
{"logTime": "1003/093255", "level": "INFO", "message": "Preference changed: name=optimization_guide.previously_registered_optimization_types, new_value=[object], source=unknown"}
{"logTime": "1003/093255", "level": "INFO", "message": "Preference changed: name=optimization_guide.previously_registered_optimization_types, new_value=[object], source=unknown"}
{"logTime": "1003/093255", "level": "INFO", "message": "Preference changed: name=profile.network_pbs, new_value=[object], source=unknown"}
{"logTime": "1003/093255", "level": "INFO", "message": "Preference changed: name=profile.password_hash_data_list, new_value=[object], source=unknown"}
{"logTime": "1003/093255", "level": "INFO", "message": "Preference changed: name=schedule_to_flush_to_disk, new_value=\"13435493575705191\", source=unknown"}
{"logTime": "1003/093255", "level": "INFO", "message": "Preference changed: name=schedule_to_flush_to_disk, new_value=\"13435493575706008\", source=unknown"}
{"logTime": "1003/093255", "level": "INFO", "message": "Preference changed: name=edge.services.signin_scoped_device_id, new_value=\"24317a40-0d3e-4ed6-932b-6c7ec2dec738\", source=unknown"}
{"logTime": "1003/093255", "level": "INFO", "message": "Preference changed: name=optimization_guide.previously_registered_optimization_types, new_value=[object], source=unknown"}
{"logTime": "1003/093255", "level": "INFO", "message": "Preference changed: name=extensions.chrome_url_overrides, new_value=[object], source=unknown"}
{"logTime": "1003/093255", "level": "INFO", "message": "Preference changed: name=autofill.credit_card_enabled, new_value=false, source=unknown"}
{"logTime": "1003/093255", "level": "INFO", "message": "Preference changed: name=enable_edge_collections, new_value=false, source=unknown"}
{"logTime": "1003/093255", "level": "INFO", "message": "Preference changed: name=resolve_navigation_errors_use_web_service.enabled, new_value=false, source=unknown"}
{"logTime": "1003/093255", "level": "INFO", "message": "Preference changed: name=alternate_error_pages.enabled, new_value=false, source=unknown"}
{"logTime": "1003/093255", "level": "INFO", "message": "Preference changed: name=optimization_guide.previously_registered_optimization_types, new_value=[object], source=unknown"}
{"logTime": "1003/093255", "level": "INFO", "message": "Preference changed: name=optimization_guide.previously_registered_optimization_types, new_value=[object], source=unknown"}
{"logTime": "1003/093255", "level": "INFO", "message": "Preference changed: name=profile.content_settings.exceptions.storage_access_header_origin_trial, new_value=[object], source=unknown"}
{"logTime": "1003/093255", "level": "INFO", "message": "Preference changed: name=in_product_help.session_last_active_time, new_value=\"13435493575738191\", source=unknown"}
{"logTime": "1003/093255", "level": "INFO", "message": "Preference changed: name=edge_rewards.coachmark_promotions, new_value=[object], source=unknown"}
{"logTime": "1003/093255", "level": "INFO", "message": "Preference changed: name=edge_rewards.hva_promotions, new_value=[object], source=unknown"}
{"logTime": "1003/093255", "level": "INFO", "message": "Preference changed: name=language_model_counters, new_value=[object], source=unknown"}
{"logTime": "1003/093258", "level": "INFO", "message": "Preference changed: name=sessions.session_data_status, new_value=2, source=unknown"}
{"logTime": "1003/093258", "level": "INFO", "message": "Preference changed: name=sessions.session_data_status, new_value=3, source=unknown"}
{"logTime": "1003/093258", "level": "INFO", "message": "Preference changed: name=sessions.event_log, new_value=[object], source=unknown"}
{"logTime": "1003/093709", "level": "INFO", "message": "UserPrefStore loaded: error=NONE (0)"}
{"logTime": "1003/093709", "level": "INFO", "message": "Preference changed: name=optimization_guide.previously_registered_optimization_types, new_value=[object], source=unknown"}
{"logTime": "1003/093709", "level": "INFO", "message": "Preference changed: name=extensions.chrome_url_overrides, new_value=[object], source=unknown"}
{"logTime": "1003/093709", "level": "INFO", "message": "Preference changed: name=sessions.session_data_status, new_value=1, source=unknown"}
{"logTime": "1003/093709", "level": "INFO", "message": "Preference changed: name=sessions.event_log, new_value=[object], source=unknown"}
{"logTime": "1003/093709", "level": "INFO", "message": "Preference changed: name=optimization_guide.previously_registered_optimization_types, new_value=[object], source=unknown"}
{"logTime": "1003/093709", "level": "INFO", "message": "Preference changed: name=optimization_guide.previously_registered_optimization_types, new_value=[object], source=unknown"}
{"logTime": "1003/093709", "level": "INFO", "message": "Preference changed: name=optimization_guide.previously_registered_optimization_types, new_value=[object], source=unknown"}
{"logTime": "1003/093709", "level": "INFO", "message": "Preference changed: name=optimization_guide.previously_registered_optimization_types, new_value=[object], source=unknown"}
{"logTime": "1003/093709", "level": "INFO", "message": "Preference changed: name=optimization_guide.previously_registered_optimization_types, new_value=[object], source=unknown"}
{"logTime": "1003/093709", "level": "INFO", "message": "Preference changed: name=profile.network_pbs, new_value=[object], source=unknown"}
{"logTime": "1003/093709", "level": "INFO", "message": "Preference changed: name=profile.password_hash_data_list, new_value=[object], source=unknown"}
{"logTime": "1003/093709", "level": "INFO", "message": "Preference changed: name=schedule_to_flush_to_disk, new_value=\"13435493829529460\", source=unknown"}
{"logTime": "1003/093709", "level": "INFO", "message": "Preference changed: name=schedule_to_flush_to_disk, new_value=\"13435493829530282\", source=unknown"}
{"logTime": "1003/093709", "level": "INFO", "message": "Preference changed: name=edge.services.signin_scoped_device_id, new_value=\"016fa1e3-a465-47f9-a499-48c8794e3ac0\", source=unknown"}
{"logTime": "1003/093709", "level": "INFO", "message": "Preference changed: name=optimization_guide.previously_registered_optimization_types, new_value=[object], source=unknown"}
{"logTime": "1003/093709", "level": "INFO", "message": "Preference changed: name=extensions.chrome_url_overrides, new_value=[object], source=unknown"}
{"logTime": "1003/093709", "level": "INFO", "message": "Preference changed: name=autofill.credit_card_enabled, new_value=false, source=unknown"}
{"logTime": "1003/093709", "level": "INFO", "message": "Preference changed: name=enable_edge_collections, new_value=false, source=unknown"}
{"logTime": "1003/093709", "level": "INFO", "message": "Preference changed: name=resolve_navigation_errors_use_web_service.enabled, new_value=false, source=unknown"}
{"logTime": "1003/093709", "level": "INFO", "message": "Preference changed: name=alternate_error_pages.enabled, new_value=false, source=unknown"}
{"logTime": "1003/093709", "level": "INFO", "message": "Preference changed: name=optimization_guide.previously_registered_optimization_types, new_value=[object], source=unknown"}
{"logTime": "1003/093709", "level": "INFO", "message": "Preference changed: name=optimization_guide.previously_registered_optimization_types, new_value=[object], source=unknown"}
{"logTime": "1003/093709", "level": "INFO", "message": "Preference changed: name=profile.content_settings.exceptions.storage_access_header_origin_trial, new_value=[object], source=unknown"}
{"logTime": "1003/093709", "level": "INFO", "message": "Preference changed: name=in_product_help.session_last_active_time, new_value=\"13435493829561969\", source=unknown"}
{"logTime": "1003/093709", "level": "INFO", "message": "Preference changed: name=sessions.session_data_status, new_value=2, source=unknown"}
{"logTime": "1003/093709", "level": "INFO", "message": "Preference changed: name=sessions.session_data_status, new_value=3, source=unknown"}
{"logTime": "1003/093709", "level": "INFO", "message": "Preference changed: name=sessions.event_log, new_value=[object], source=unknown"}
{"logTime": "1003/093809", "level": "INFO", "message": "UserPrefStore loaded: error=NONE (0)"}
{"logTime": "1003/093809", "level": "INFO", "message": "Preference changed: name=optimization_guide.previously_registered_optimization_types, new_value=[object], source=unknown"}
{"logTime": "1003/093809", "level": "INFO", "message": "Preference changed: name=extensions.chrome_url_overrides, new_value=[object], source=unknown"}
{"logTime": "1003/093809", "level": "INFO", "message": "Preference changed: name=sessions.session_data_status, new_value=1, source=unknown"}
{"logTime": "1003/093809", "level": "INFO", "message": "Preference changed: name=sessions.event_log, new_value=[object], source=unknown"}
{"logTime": "1003/093809", "level": "INFO", "message": "Preference changed: name=optimization_guide.previously_registered_optimization_types, new_value=[object], source=unknown"}
{"logTime": "1003/093809", "level": "INFO", "message": "Preference changed: name=optimization_guide.previously_registered_optimization_types, new_value=[object], source=unknown"}
{"logTime": "1003/093809", "level": "INFO", "message": "Preference changed: name=optimization_guide.previously_registered_optimization_types, new_value=[object], source=unknown"}
{"logTime": "1003/093809", "level": "INFO", "message": "Preference changed: name=optimization_guide.previously_registered_optimization_types, new_value=[object], source=unknown"}
{"logTime": "1003/093809", "level": "INFO", "message": "Preference changed: name=optimization_guide.previously_registered_optimization_types, new_value=[object], source=unknown"}
{"logTime": "1003/093809", "level": "INFO", "message": "Preference changed: name=profile.network_pbs, new_value=[object], source=unknown"}
{"logTime": "1003/093809", "level": "INFO", "message": "Preference changed: name=profile.password_hash_data_list, new_value=[object], source=unknown"}
{"logTime": "1003/093809", "level": "INFO", "message": "Preference changed: name=schedule_to_flush_to_disk, new_value=\"13435493889035881\", source=unknown"}
{"logTime": "1003/093809", "level": "INFO", "message": "Preference changed: name=schedule_to_flush_to_disk, new_value=\"13435493889036485\", source=unknown"}
{"logTime": "1003/093809", "level": "INFO", "message": "Preference changed: name=edge.services.signin_scoped_device_id, new_value=\"8f8214e0-1110-4f0f-9d6c-014aec42cc1b\", source=unknown"}
{"logTime": "1003/093809", "level": "INFO", "message": "Preference changed: name=optimization_guide.previously_registered_optimization_types, new_value=[object], source=unknown"}
{"logTime": "1003/093809", "level": "INFO", "message": "Preference changed: name=extensions.chrome_url_overrides, new_value=[object], source=unknown"}
{"logTime": "1003/093809", "level": "INFO", "message": "Preference changed: name=autofill.credit_card_enabled, new_value=false, source=unknown"}
{"logTime": "1003/093809", "level": "INFO", "message": "Preference changed: name=enable_edge_collections, new_value=false, source=unknown"}
{"logTime": "1003/093809", "level": "INFO", "message": "Preference changed: name=resolve_navigation_errors_use_web_service.enabled, new_value=false, source=unknown"}
{"logTime": "1003/093809", "level": "INFO", "message": "Preference changed: name=alternate_error_pages.enabled, new_value=false, source=unknown"}
{"logTime": "1003/093809", "level": "INFO", "message": "Preference changed: name=optimization_guide.previously_registered_optimization_types, new_value=[object], source=unknown"}
{"logTime": "1003/093809", "level": "INFO", "message": "Preference changed: name=optimization_guide.previously_registered_optimization_types, new_value=[object], source=unknown"}
{"logTime": "1003/093809", "level": "INFO", "message": "Preference changed: name=profile.content_settings.exceptions.storage_access_header_origin_trial, new_value=[object], source=unknown"}
{"logTime": "1003/093809", "level": "INFO", "message": "Preference changed: name=in_product_help.session_last_active_time, new_value=\"13435493889073281\", source=unknown"}
{"logTime": "1003/093809", "level": "INFO", "message": "Preference changed: name=edge_rewards.coachmark_promotions, new_value=[object], source=unknown"}
{"logTime": "1003/093809", "level": "INFO", "message": "Preference changed: name=edge_rewards.hva_promotions, new_value=[object], source=unknown"}
{"logTime": "1003/093819", "level": "INFO", "message": "PrefStore write completed: store=4, success=true"}
{"logTime": "1003/093819", "level": "INFO", "message": "PrefStore write completed: store=4, success=true"}
{"logTime": "1003/093827", "level": "INFO", "message": "Preference changed: name=sessions.session_data_status, new_value=2, source=unknown"}
{"logTime": "1003/093827", "level": "INFO", "message": "Preference changed: name=sessions.session_data_status, new_value=3, source=unknown"}
{"logTime": "1003/093827", "level": "INFO", "message": "Preference changed: name=sessions.event_log, new_value=[object], source=unknown"}
{"logTime": "1003/094218", "level": "INFO", "message": "UserPrefStore loaded: error=NONE (0)"}
{"logTime": "1003/094218", "level": "INFO", "message": "Preference changed: name=optimization_guide.previously_registered_optimization_types, new_value=[object], source=unknown"}
{"logTime": "1003/094218", "level": "INFO", "message": "Preference changed: name=extensions.chrome_url_overrides, new_value=[object], source=unknown"}
{"logTime": "1003/094218", "level": "INFO", "message": "Preference changed: name=sessions.session_data_status, new_value=1, source=unknown"}
{"logTime": "1003/094218", "level": "INFO", "message": "Preference changed: name=sessions.event_log, new_value=[object], source=unknown"}
{"logTime": "1003/094218", "level": "INFO", "message": "Preference changed: name=optimization_guide.previously_registered_optimization_types, new_value=[object], source=unknown"}
{"logTime": "1003/094218", "level": "INFO", "message": "Preference changed: name=optimization_guide.previously_registered_optimization_types, new_value=[object], source=unknown"}
{"logTime": "1003/094218", "level": "INFO", "message": "Preference changed: name=optimization_guide.previously_registered_optimization_types, new_value=[object], source=unknown"}
{"logTime": "1003/094218", "level": "INFO", "message": "Preference changed: name=optimization_guide.previously_registered_optimization_types, new_value=[object], source=unknown"}
{"logTime": "1003/094218", "level": "INFO", "message": "Preference changed: name=optimization_guide.previously_registered_optimization_types, new_value=[object], source=unknown"}
{"logTime": "1003/094218", "level": "INFO", "message": "Preference changed: name=profile.network_pbs, new_value=[object], source=unknown"}
{"logTime": "1003/094218", "level": "INFO", "message": "Preference changed: name=profile.password_hash_data_list, new_value=[object], source=unknown"}
{"logTime": "1003/094218", "level": "INFO", "message": "Preference changed: name=schedule_to_flush_to_disk, new_value=\"13435494138635877\", source=unknown"}
{"logTime": "1003/094218", "level": "INFO", "message": "Preference changed: name=schedule_to_flush_to_disk, new_value=\"13435494138636498\", source=unknown"}
{"logTime": "1003/094218", "level": "INFO", "message": "Preference changed: name=edge.services.signin_scoped_device_id, new_value=\"780df3a5-673e-4b7c-831f-575c93b86de9\", source=unknown"}
{"logTime": "1003/094218", "level": "INFO", "message": "Preference changed: name=optimization_guide.previously_registered_optimization_types, new_value=[object], source=unknown"}
{"logTime": "1003/094218", "level": "INFO", "message": "Preference changed: name=extensions.chrome_url_overrides, new_value=[object], source=unknown"}
{"logTime": "1003/094218", "level": "INFO", "message": "Preference changed: name=autofill.credit_card_enabled, new_value=false, source=unknown"}
{"logTime": "1003/094218", "level": "INFO", "message": "Preference changed: name=enable_edge_collections, new_value=false, source=unknown"}
{"logTime": "1003/094218", "level": "INFO", "message": "Preference changed: name=resolve_navigation_errors_use_web_service.enabled, new_value=false, source=unknown"}
{"logTime": "1003/094218", "level": "INFO", "message": "Preference changed: name=alternate_error_pages.enabled, new_value=false, source=unknown"}
{"logTime": "1003/094218", "level": "INFO", "message": "Preference changed: name=optimization_guide.previously_registered_optimization_types, new_value=[object], source=unknown"}
{"logTime": "1003/094218", "level": "INFO", "message": "Preference changed: name=optimization_guide.previously_registered_optimization_types, new_value=[object], source=unknown"}
{"logTime": "1003/094218", "level": "INFO", "message": "Preference changed: name=profile.content_settings.exceptions.storage_access_header_origin_trial, new_value=[object], source=unknown"}
{"logTime": "1003/094218", "level": "INFO", "message": "Preference changed: name=in_product_help.session_last_active_time, new_value=\"13435494138670238\", source=unknown"}
{"logTime": "1003/094218", "level": "INFO", "message": "Preference changed: name=edge_rewards.coachmark_promotions, new_value=[object], source=unknown"}
{"logTime": "1003/094218", "level": "INFO", "message": "Preference changed: name=edge_rewards.hva_promotions, new_value=[object], source=unknown"}
{"logTime": "1003/094228", "level": "INFO", "message": "PrefStore write completed: store=4, success=true"}
{"logTime": "1003/094228", "level": "INFO", "message": "PrefStore write completed: store=4, success=true"}
{"logTime": "1003/094232", "level": "INFO", "message": "Preference changed: name=language_dwell_time_average, new_value=[object], source=unknown"}
{"logTime": "1003/094232", "level": "INFO", "message": "Preference changed: name=language_usage_count, new_value=[object], source=unknown"}
{"logTime": "1003/094232", "level": "INFO", "message": "Preference changed: name=language_model_counters, new_value=[object], source=unknown"}
{"logTime": "1003/094242", "level": "INFO", "message": "PrefStore write completed: store=4, success=true"}
{"logTime": "1003/094550", "level": "INFO", "message": "Preference changed: name=sessions.session_data_status, new_value=2, source=unknown"}
{"logTime": "1003/094550", "level": "INFO", "message": "Preference changed: name=sessions.session_data_status, new_value=3, source=unknown"}
{"logTime": "1003/094550", "level": "INFO", "message": "Preference changed: name=sessions.event_log, new_value=[object], source=unknown"}
{"logTime": "1003/094927", "level": "INFO", "message": "UserPrefStore loaded: error=NONE (0)"}
{"logTime": "1003/094927", "level": "INFO", "message": "Preference changed: name=optimization_guide.previously_registered_optimization_types, new_value=[object], source=unknown"}
{"logTime": "1003/094927", "level": "INFO", "message": "Preference changed: name=extensions.chrome_url_overrides, new_value=[object], source=unknown"}
{"logTime": "1003/094927", "level": "INFO", "message": "Preference changed: name=sessions.session_data_status, new_value=1, source=unknown"}
{"logTime": "1003/094927", "level": "INFO", "message": "Preference changed: name=sessions.event_log, new_value=[object], source=unknown"}
{"logTime": "1003/094927", "level": "INFO", "message": "Preference changed: name=optimization_guide.previously_registered_optimization_types, new_value=[object], source=unknown"}
{"logTime": "1003/094927", "level": "INFO", "message": "Preference changed: name=optimization_guide.previously_registered_optimization_types, new_value=[object], source=unknown"}
{"logTime": "1003/094927", "level": "INFO", "message": "Preference changed: name=optimization_guide.previously_registered_optimization_types, new_value=[object], source=unknown"}
{"logTime": "1003/094927", "level": "INFO", "message": "Preference changed: name=optimization_guide.previously_registered_optimization_types, new_value=[object], source=unknown"}
{"logTime": "1003/094927", "level": "INFO", "message": "Preference changed: name=optimization_guide.previously_registered_optimization_types, new_value=[object], source=unknown"}
{"logTime": "1003/094927", "level": "INFO", "message": "Preference changed: name=profile.network_pbs, new_value=[object], source=unknown"}
{"logTime": "1003/094927", "level": "INFO", "message": "Preference changed: name=profile.password_hash_data_list, new_value=[object], source=unknown"}
{"logTime": "1003/094927", "level": "INFO", "message": "Preference changed: name=schedule_to_flush_to_disk, new_value=\"13435494567800175\", source=unknown"}
{"logTime": "1003/094927", "level": "INFO", "message": "Preference changed: name=schedule_to_flush_to_disk, new_value=\"13435494567800867\", source=unknown"}
{"logTime": "1003/094927", "level": "INFO", "message": "Preference changed: name=edge.services.signin_scoped_device_id, new_value=\"8891ba27-6400-4344-b155-56b3ac8ce538\", source=unknown"}
{"logTime": "1003/094927", "level": "INFO", "message": "Preference changed: name=optimization_guide.previously_registered_optimization_types, new_value=[object], source=unknown"}
{"logTime": "1003/094927", "level": "INFO", "message": "Preference changed: name=extensions.chrome_url_overrides, new_value=[object], source=unknown"}
{"logTime": "1003/094927", "level": "INFO", "message": "Preference changed: name=autofill.credit_card_enabled, new_value=false, source=unknown"}
{"logTime": "1003/094927", "level": "INFO", "message": "Preference changed: name=enable_edge_collections, new_value=false, source=unknown"}
{"logTime": "1003/094927", "level": "INFO", "message": "Preference changed: name=resolve_navigation_errors_use_web_service.enabled, new_value=false, source=unknown"}
{"logTime": "1003/094927", "level": "INFO", "message": "Preference changed: name=alternate_error_pages.enabled, new_value=false, source=unknown"}
{"logTime": "1003/094927", "level": "INFO", "message": "Preference changed: name=optimization_guide.previously_registered_optimization_types, new_value=[object], source=unknown"}
{"logTime": "1003/094927", "level": "INFO", "message": "Preference changed: name=optimization_guide.previously_registered_optimization_types, new_value=[object], source=unknown"}
{"logTime": "1003/094927", "level": "INFO", "message": "Preference changed: name=profile.content_settings.exceptions.storage_access_header_origin_trial, new_value=[object], source=unknown"}
{"logTime": "1003/094927", "level": "INFO", "message": "Preference changed: name=in_product_help.session_last_active_time, new_value=\"13435494567835243\", source=unknown"}
{"logTime": "1003/094927", "level": "INFO", "message": "Preference changed: name=edge_rewards.coachmark_promotions, new_value=[object], source=unknown"}
{"logTime": "1003/094927", "level": "INFO", "message": "Preference changed: name=edge_rewards.hva_promotions, new_value=[object], source=unknown"}
{"logTime": "1003/094932", "level": "INFO", "message": "Preference changed: name=sessions.session_data_status, new_value=2, source=unknown"}
{"logTime": "1003/094932", "level": "INFO", "message": "Preference changed: name=sessions.session_data_status, new_value=3, source=unknown"}
{"logTime": "1003/094932", "level": "INFO", "message": "Preference changed: name=sessions.event_log, new_value=[object], source=unknown"}
{"logTime": "1003/095000", "level": "INFO", "message": "UserPrefStore loaded: error=NONE (0)"}
{"logTime": "1003/095000", "level": "INFO", "message": "Preference changed: name=optimization_guide.previously_registered_optimization_types, new_value=[object], source=unknown"}
{"logTime": "1003/095000", "level": "INFO", "message": "Preference changed: name=extensions.chrome_url_overrides, new_value=[object], source=unknown"}
{"logTime": "1003/095000", "level": "INFO", "message": "Preference changed: name=sessions.session_data_status, new_value=1, source=unknown"}
{"logTime": "1003/095000", "level": "INFO", "message": "Preference changed: name=sessions.event_log, new_value=[object], source=unknown"}
{"logTime": "1003/095000", "level": "INFO", "message": "Preference changed: name=optimization_guide.previously_registered_optimization_types, new_value=[object], source=unknown"}
{"logTime": "1003/095000", "level": "INFO", "message": "Preference changed: name=optimization_guide.previously_registered_optimization_types, new_value=[object], source=unknown"}
{"logTime": "1003/095000", "level": "INFO", "message": "Preference changed: name=optimization_guide.previously_registered_optimization_types, new_value=[object], source=unknown"}
{"logTime": "1003/095000", "level": "INFO", "message": "Preference changed: name=optimization_guide.previously_registered_optimization_types, new_value=[object], source=unknown"}
{"logTime": "1003/095000", "level": "INFO", "message": "Preference changed: name=optimization_guide.previously_registered_optimization_types, new_value=[object], source=unknown"}
{"logTime": "1003/095000", "level": "INFO", "message": "Preference changed: name=profile.network_pbs, new_value=[object], source=unknown"}
{"logTime": "1003/095000", "level": "INFO", "message": "Preference changed: name=profile.password_hash_data_list, new_value=[object], source=unknown"}
{"logTime": "1003/095000", "level": "INFO", "message": "Preference changed: name=schedule_to_flush_to_disk, new_value=\"13435494600653692\", source=unknown"}
{"logTime": "1003/095000", "level": "INFO", "message": "Preference changed: name=schedule_to_flush_to_disk, new_value=\"13435494600654277\", source=unknown"}
{"logTime": "1003/095000", "level": "INFO", "message": "Preference changed: name=edge.services.signin_scoped_device_id, new_value=\"bdc513c8-5630-4be3-ae01-e5a88267ee1c\", source=unknown"}
{"logTime": "1003/095000", "level": "INFO", "message": "Preference changed: name=optimization_guide.previously_registered_optimization_types, new_value=[object], source=unknown"}
{"logTime": "1003/095000", "level": "INFO", "message": "Preference changed: name=extensions.chrome_url_overrides, new_value=[object], source=unknown"}
{"logTime": "1003/095000", "level": "INFO", "message": "Preference changed: name=autofill.credit_card_enabled, new_value=false, source=unknown"}
{"logTime": "1003/095000", "level": "INFO", "message": "Preference changed: name=enable_edge_collections, new_value=false, source=unknown"}
{"logTime": "1003/095000", "level": "INFO", "message": "Preference changed: name=resolve_navigation_errors_use_web_service.enabled, new_value=false, source=unknown"}
{"logTime": "1003/095000", "level": "INFO", "message": "Preference changed: name=alternate_error_pages.enabled, new_value=false, source=unknown"}
{"logTime": "1003/095000", "level": "INFO", "message": "Preference changed: name=optimization_guide.previously_registered_optimization_types, new_value=[object], source=unknown"}
{"logTime": "1003/095000", "level": "INFO", "message": "Preference changed: name=optimization_guide.previously_registered_optimization_types, new_value=[object], source=unknown"}
{"logTime": "1003/095000", "level": "INFO", "message": "Preference changed: name=profile.content_settings.exceptions.storage_access_header_origin_trial, new_value=[object], source=unknown"}
{"logTime": "1003/095000", "level": "INFO", "message": "Preference changed: name=in_product_help.session_last_active_time, new_value=\"13435494600687050\", source=unknown"}
{"logTime": "1003/095000", "level": "INFO", "message": "Preference changed: name=edge_rewards.coachmark_promotions, new_value=[object], source=unknown"}
{"logTime": "1003/095000", "level": "INFO", "message": "Preference changed: name=edge_rewards.hva_promotions, new_value=[object], source=unknown"}
{"logTime": "1003/095000", "level": "INFO", "message": "Preference changed: name=language_model_counters, new_value=[object], source=unknown"}
{"logTime": "1003/095008", "level": "INFO", "message": "Preference changed: name=sessions.session_data_status, new_value=2, source=unknown"}
{"logTime": "1003/095008", "level": "INFO", "message": "Preference changed: name=sessions.session_data_status, new_value=3, source=unknown"}
{"logTime": "1003/095008", "level": "INFO", "message": "Preference changed: name=sessions.event_log, new_value=[object], source=unknown"}
{"logTime": "1003/095310", "level": "INFO", "message": "UserPrefStore loaded: error=NONE (0)"}
{"logTime": "1003/095310", "level": "INFO", "message": "Preference changed: name=optimization_guide.previously_registered_optimization_types, new_value=[object], source=unknown"}
{"logTime": "1003/095310", "level": "INFO", "message": "Preference changed: name=extensions.chrome_url_overrides, new_value=[object], source=unknown"}
{"logTime": "1003/095310", "level": "INFO", "message": "Preference changed: name=sessions.session_data_status, new_value=1, source=unknown"}
{"logTime": "1003/095310", "level": "INFO", "message": "Preference changed: name=sessions.event_log, new_value=[object], source=unknown"}
{"logTime": "1003/095310", "level": "INFO", "message": "Preference changed: name=optimization_guide.previously_registered_optimization_types, new_value=[object], source=unknown"}
{"logTime": "1003/095310", "level": "INFO", "message": "Preference changed: name=optimization_guide.previously_registered_optimization_types, new_value=[object], source=unknown"}
{"logTime": "1003/095310", "level": "INFO", "message": "Preference changed: name=optimization_guide.previously_registered_optimization_types, new_value=[object], source=unknown"}
{"logTime": "1003/095310", "level": "INFO", "message": "Preference changed: name=optimization_guide.previously_registered_optimization_types, new_value=[object], source=unknown"}
{"logTime": "1003/095310", "level": "INFO", "message": "Preference changed: name=optimization_guide.previously_registered_optimization_types, new_value=[object], source=unknown"}
{"logTime": "1003/095310", "level": "INFO", "message": "Preference changed: name=profile.network_pbs, new_value=[object], source=unknown"}
{"logTime": "1003/095310", "level": "INFO", "message": "Preference changed: name=profile.password_hash_data_list, new_value=[object], source=unknown"}
{"logTime": "1003/095310", "level": "INFO", "message": "Preference changed: name=schedule_to_flush_to_disk, new_value=\"13435494790975651\", source=unknown"}
{"logTime": "1003/095310", "level": "INFO", "message": "Preference changed: name=schedule_to_flush_to_disk, new_value=\"13435494790976716\", source=unknown"}
{"logTime": "1003/095310", "level": "INFO", "message": "Preference changed: name=edge.services.signin_scoped_device_id, new_value=\"4d696fa4-4878-4c42-bd40-02b7ed67070d\", source=unknown"}
{"logTime": "1003/095310", "level": "INFO", "message": "Preference changed: name=optimization_guide.previously_registered_optimization_types, new_value=[object], source=unknown"}
{"logTime": "1003/095310", "level": "INFO", "message": "Preference changed: name=extensions.chrome_url_overrides, new_value=[object], source=unknown"}
{"logTime": "1003/095310", "level": "INFO", "message": "Preference changed: name=autofill.credit_card_enabled, new_value=false, source=unknown"}
{"logTime": "1003/095310", "level": "INFO", "message": "Preference changed: name=enable_edge_collections, new_value=false, source=unknown"}
{"logTime": "1003/095310", "level": "INFO", "message": "Preference changed: name=resolve_navigation_errors_use_web_service.enabled, new_value=false, source=unknown"}
{"logTime": "1003/095310", "level": "INFO", "message": "Preference changed: name=alternate_error_pages.enabled, new_value=false, source=unknown"}
{"logTime": "1003/095310", "level": "INFO", "message": "Preference changed: name=optimization_guide.previously_registered_optimization_types, new_value=[object], source=unknown"}
{"logTime": "1003/095311", "level": "INFO", "message": "Preference changed: name=optimization_guide.previously_registered_optimization_types, new_value=[object], source=unknown"}
{"logTime": "1003/095311", "level": "INFO", "message": "Preference changed: name=profile.content_settings.exceptions.storage_access_header_origin_trial, new_value=[object], source=unknown"}
{"logTime": "1003/095311", "level": "INFO", "message": "Preference changed: name=in_product_help.session_last_active_time, new_value=\"13435494791013572\", source=unknown"}
{"logTime": "1003/095311", "level": "INFO", "message": "Preference changed: name=edge_rewards.coachmark_promotions, new_value=[object], source=unknown"}
{"logTime": "1003/095311", "level": "INFO", "message": "Preference changed: name=edge_rewards.hva_promotions, new_value=[object], source=unknown"}
{"logTime": "1003/095320", "level": "INFO", "message": "PrefStore write completed: store=4, success=true"}
{"logTime": "1003/095320", "level": "INFO", "message": "PrefStore write completed: store=4, success=true"}
{"logTime": "1003/095424", "level": "INFO", "message": "Preference changed: name=sessions.event_log, new_value=[object], source=unknown"}
{"logTime": "1003/095434", "level": "INFO", "message": "PrefStore write completed: store=4, success=true"}
{"logTime": "1003/123731", "level": "INFO", "message": "UserPrefStore loaded: error=NONE (0)"}
{"logTime": "1003/123731", "level": "INFO", "message": "Preference changed: name=extensions.last_chrome_version, new_value=\"154.0.4258.53\", source=unknown"}
{"logTime": "1003/123731", "level": "INFO", "message": "Preference changed: name=gaia_cookie.periodic_report_time_2, new_value=\"13435504651168569\", source=unknown"}
{"logTime": "1003/123731", "level": "INFO", "message": "Preference changed: name=optimization_guide.previously_registered_optimization_types, new_value=[object], source=unknown"}
{"logTime": "1003/123731", "level": "INFO", "message": "Preference changed: name=extensions.chrome_url_overrides, new_value=[object], source=unknown"}
{"logTime": "1003/123731", "level": "INFO", "message": "Preference changed: name=sessions.event_log, new_value=[object], source=unknown"}
{"logTime": "1003/123731", "level": "INFO", "message": "Preference changed: name=optimization_guide.previously_registered_optimization_types, new_value=[object], source=unknown"}
{"logTime": "1003/123731", "level": "INFO", "message": "Preference changed: name=optimization_guide.previously_registered_optimization_types, new_value=[object], source=unknown"}
{"logTime": "1003/123731", "level": "INFO", "message": "Preference changed: name=optimization_guide.previously_registered_optimization_types, new_value=[object], source=unknown"}
{"logTime": "1003/123731", "level": "INFO", "message": "Preference changed: name=optimization_guide.previously_registered_optimization_types, new_value=[object], source=unknown"}
{"logTime": "1003/123731", "level": "INFO", "message": "Preference changed: name=optimization_guide.previously_registered_optimization_types, new_value=[object], source=unknown"}
{"logTime": "1003/123731", "level": "INFO", "message": "Preference changed: name=profile.network_pbs, new_value=[object], source=unknown"}
{"logTime": "1003/123731", "level": "INFO", "message": "Preference changed: name=extensions.settings, new_value=[object], source=unknown"}
{"logTime": "1003/123731", "level": "INFO", "message": "Preference changed: name=extensions.settings, new_value=[object], source=unknown"}
{"logTime": "1003/123731", "level": "INFO", "message": "Preference changed: name=profile.password_hash_data_list, new_value=[object], source=unknown"}
{"logTime": "1003/123731", "level": "INFO", "message": "Preference changed: name=schedule_to_flush_to_disk, new_value=\"13435504651192008\", source=unknown"}
{"logTime": "1003/123731", "level": "INFO", "message": "Preference changed: name=schedule_to_flush_to_disk, new_value=\"13435504651192904\", source=unknown"}
{"logTime": "1003/123731", "level": "INFO", "message": "Preference changed: name=muid.last_sync, new_value=\"13435504651193038\", source=unknown"}
{"logTime": "1003/123731", "level": "INFO", "message": "Preference changed: name=bookmark.storage_computation_last_update, new_value=\"13435504651193284\", source=unknown"}
{"logTime": "1003/123731", "level": "INFO", "message": "Preference changed: name=edge.services.signin_scoped_device_id, new_value=\"7fad471f-3ff4-4632-be5e-1a8942908ce8\", source=unknown"}
{"logTime": "1003/123731", "level": "INFO", "message": "Preference changed: name=account_tracker_service_last_update, new_value=\"13435504651193892\", source=unknown"}
{"logTime": "1003/123731", "level": "INFO", "message": "Preference changed: name=commerce_daily_metrics_last_update_time, new_value=\"13435504651194880\", source=unknown"}
{"logTime": "1003/123731", "level": "INFO", "message": "Preference changed: name=optimization_guide.previously_registered_optimization_types, new_value=[object], source=unknown"}
{"logTime": "1003/123731", "level": "INFO", "message": "Preference changed: name=extensions.chrome_url_overrides, new_value=[object], source=unknown"}
{"logTime": "1003/123731", "level": "INFO", "message": "Preference changed: name=autofill.credit_card_enabled, new_value=false, source=unknown"}
{"logTime": "1003/123731", "level": "INFO", "message": "Preference changed: name=enable_edge_collections, new_value=false, source=unknown"}
{"logTime": "1003/123731", "level": "INFO", "message": "Preference changed: name=resolve_navigation_errors_use_web_service.enabled, new_value=false, source=unknown"}
{"logTime": "1003/123731", "level": "INFO", "message": "Preference changed: name=alternate_error_pages.enabled, new_value=false, source=unknown"}
{"logTime": "1003/123731", "level": "INFO", "message": "Preference changed: name=optimization_guide.previously_registered_optimization_types, new_value=[object], source=unknown"}
{"logTime": "1003/123731", "level": "INFO", "message": "Preference changed: name=optimization_guide.previously_registered_optimization_types, new_value=[object], source=unknown"}
{"logTime": "1003/123731", "level": "INFO", "message": "Preference changed: name=profile.content_settings.exceptions.storage_access_header_origin_trial, new_value=[object], source=unknown"}
{"logTime": "1003/123731", "level": "INFO", "message": "Preference changed: name=in_product_help.session_last_active_time, new_value=\"13435504651227439\", source=unknown"}
{"logTime": "1003/123731", "level": "INFO", "message": "Preference changed: name=sessions.session_data_status, new_value=2, source=unknown"}
{"logTime": "1003/123731", "level": "INFO", "message": "Preference changed: name=sessions.session_data_status, new_value=3, source=unknown"}
{"logTime": "1003/123731", "level": "INFO", "message": "Preference changed: name=sessions.session_data_status, new_value=1, source=unknown"}
{"logTime": "1003/123731", "level": "INFO", "message": "Preference changed: name=sessions.event_log, new_value=[object], source=unknown"}
{"logTime": "1003/123731", "level": "INFO", "message": "Preference changed: name=edge_rewards.coachmark_promotions, new_value=[object], source=unknown"}
{"logTime": "1003/123731", "level": "INFO", "message": "Preference changed: name=edge_rewards.hva_promotions, new_value=[object], source=unknown"}
{"logTime": "1003/123741", "level": "INFO", "message": "Preference changed: name=edge.bookmarks.last_dup_info_record_time, new_value=\"13435504661194748\", source=unknown"}
{"logTime": "1003/123741", "level": "INFO", "message": "PrefStore write completed: store=4, success=true"}
{"logTime": "1003/123741", "level": "INFO", "message": "PrefStore write completed: store=4, success=true"}
{"logTime": "1003/123751", "level": "INFO", "message": "PrefStore write completed: store=4, success=true"}
{"logTime": "1003/123801", "level": "INFO", "message": "Preference changed: name=profile.last_time_password_store_metrics_reported, new_value=1791031081.180479, source=unknown"}
{"logTime": "1003/123801", "level": "INFO", "message": "Preference changed: name=edge_wallet.passwords.password_lost_report_date, new_value=\"13435504681180840\", source=unknown"}
{"logTime": "1003/123811", "level": "INFO", "message": "PrefStore write completed: store=4, success=true"}
{"logTime": "1003/133653", "level": "INFO", "message": "Preference changed: name=sessions.session_data_status, new_value=2, source=unknown"}
{"logTime": "1003/133653", "level": "INFO", "message": "Preference changed: name=sessions.session_data_status, new_value=3, source=unknown"}
